<نماد>,<وضعیت در سود بودن نماد>,<حجم>,<تعداد>,<ارزش>,<ارزش مفهومی>,<موقعیت های باز>,<درصد تغییر>,<قیمت پایانی>,<درصد تغییر>,<قیمت آخرین معامله>>,<درصد تغییر>,<حجم خرید>,<قیمت خرید>,<قیمت فروش>,<حجم فروش>,<اندازه قرارداد>,<قیمت اعمال>,<روز باقی مانده تا سررسید>,<نماد پایه>,<پایانی دارایی پایه>,<درصد تغییر>,<آخرین معامله دارایی پایه>,<درصد تغییر>,<تاریخ شروع>,<تاریخ پایان>,<حجم فروش>,<قیمت فروش>,<قیمت خرید>,<حجم خرید>,<درصد تغییر>,<قیمت آخرین معامله>>,<درصد تغییر>,<قیمت پایانی>,<درصد تغییر>,<موقعیت های باز>,<ارزش مفهومی>,<ارزش>,<تعداد>,<حجم>,<وضعیت در سود بودن نماد>,<نماد>

ضهرم8024,ITM,15,4,478930000.00,871665000.00,1275,0.16,31929,3.27,31530,1.98,110,29190,31181,8,1000,30000,79,اهرم,58122,-1.30,57989,-1.53,20260822,20261118,9,950,122,293,0,222,0,222,0,20,0.00,0.00,0,0,OTM,طهرم8024
ضهرم8027,ITM,88,13,1796034000.00,3370554000.00,198,41.43,20409,-7.22,20245,-7.97,7,20245,21629,10,1000,42000,79,اهرم,58122,-1.30,57989,-1.53,20260822,20261118,999,1990,1000,1,10.50,1400,39.15,1763,-16.67,5,174366000.00,5290000.00,3,3,OTM,طهرم8027
ضملت6026,OTM,1533297,3854,38797974000.00,2365887405000.00,2289492,45.50,25,8.70,18,-21.74,3,18,19,6000,1000,1754,9,وبملت,1555,1.50,1542,0.65,20260613,20260909,0,0,70,627,0,200,0,200,0,1,0.00,0.00,0,0,ITM,طملت6026
ضملت8072,ITM,565,5,273981000.00,879140000.00,26122,0.25,485,4.75,485,4.75,433,406,496,1,1000,1200,72,وبملت,1555,1.50,1542,0.65,20260815,20261111,499,50,1,8100,0,11,0,11,0,500,0.00,0.00,0,0,OTM,طملت8072
ضملت8075,ITM,8678,58,2504633000.00,13494290000.00,52749,2.62,289,2.85,285,1.42,6,285,288,100,1000,1500,72,وبملت,1555,1.50,1542,0.65,20260815,20261111,0,0,6,266,0,1,0,1,0,0,0.00,0.00,0,0,OTM,طملت8075
ضملت8078,OTM,0,0,0.00,0.00,2964,0,105,0,157,49.52,222,108,193,99,1000,1800,72,وبملت,1555,1.50,1542,0.65,20260815,20261111,0,0,11,111,0,1,0,1,0,0,0.00,0.00,0,0,ITM,طملت8078
ضجار6036,ITM,972,4,680400000.00,983664000.00,7754,14.32,700,0,700,0,1000,650,700,830,1000,331,9,وتجارت,1012,2.95,1012,2.95,20260609,20260909,500,9,0,0,0,10,0,10,0,2000,0.00,0.00,0,0,OTM,طجار6036
ضجار6050,OTM,104422,283,7110198000.00,96498248000.00,322320,21.75,68,-20.0,60,-29.41,2000,59,60,1465,1000,1041,9,وتجارت,1012,2.95,1012,2.95,20260826,20260909,0,0,31,50,0,1,0,1,0,0,0.00,0.00,0,0,ITM,طجار6050
ضخود7132,ITM,310899,1108,54902364000.00,218451792000.00,3841491,-0.52,177,-5.35,179,-4.28,494,177,178,1000,1000,550,30,خودرو,714,-2.19,717,-1.78,20260701,20260930,134852,6,5,35577,0,5,0,5,20.58,1320322,234760241000.00,1897164000.00,756,350324,OTM,طخود7132
ضخود7134,ITM,2577812,6459,270048202000.00,1811233900000.00,9500286,1.85,105,-2.78,105,-2.78,15190,105,106,2096,1000,650,30,خودرو,714,-2.19,717,-1.78,20260701,20260930,5900,28,27,40109,7.69,28,11.54,29,26.54,981673,442237320000.00,18742975000.00,1450,647614,OTM,طخود7134
ضخود7138,OTM,3261362,7724,42397648000.00,2323817244000.00,10317138,3.03,13,-18.75,13,-18.75,325791,12,13,234225,1000,900,30,خودرو,714,-2.19,717,-1.78,20260701,20260930,0,0,110,25,0,1,0,1,0,0,0.00,0.00,0,0,ITM,طخود7138
ضخود8053,ITM,500,13,194677000.00,357000000.00,8429,-1.13,389,-0.77,380,-3.06,300,371,380,24,1000,360,58,خودرو,714,-2.19,717,-1.78,20260801,20261028,1000,14,3,1000,0,3,0,3,0,512,0.00,0.00,0,0,OTM,طخود8053
ضهرم8029,ITM,382,28,5272001000.00,22028238000.00,1717,2.51,13801,-5.15,13400,-7.90,30,13015,13800,19,1000,50000,79,اهرم,58122,-1.30,57989,-1.53,20260822,20261118,10,5000,1506,10,0,5890,0,5890,0,1,0.00,0.00,0,0,OTM,طهرم8029
ضملت6020,ITM,447353,1066,177792191000.00,676774875000.00,4124414,-0.22,397,0.76,390,-1.02,691,387,390,23,1000,1154,9,وبملت,1555,1.50,1542,0.65,20260613,20260909,39357,1,0,0,0,1,0,1,-3.62,1138235,212367905000.00,144563000.00,279,138414,OTM,طملت6020
ضملت8074,ITM,1360,13,463716000.00,2077260000.00,50172,2.47,341,3.96,300,-8.54,1000,310,340,100,1000,1400,72,وبملت,1555,1.50,1542,0.65,20260815,20261111,0,0,6,266,0,1,0,1,0,0,0.00,0.00,0,0,OTM,طملت8074
ضصاد7040,ITM,3,3,1550000.00,3138000.00,3700,0.03,517,-0.39,470,-9.44,4,400,0,0,1000,600,44,وبصادر,1045,2.85,1046,2.95,20260613,20261014,0,0,1,100,0,1,0,1,0,0,0.00,0.00,0,0,OTM,طصاد7040
ضصاد9040,ITM,0,0,0.00,0.00,1050,0,260,0,260,0,5,325,665,100,1000,700,100,وبصادر,1045,2.85,1046,2.95,20260815,20261209,0,0,1,100,0,1,0,1,0,0,0.00,0.00,0,0,OTM,طصاد9040
ضجار8024,ITM,0,0,0.00,0.00,110,0,300,0,300,0,1000,510,825,50,1000,491,72,وتجارت,1012,2.95,1012,2.95,20260712,20261111,0,0,1,100,0,1,0,1,0,0,0.00,0.00,0,0,OTM,طجار8024
ضخود8056,ITM,2916,12,862100000.00,1366108000.00,20181,1.08,296,-8.92,305,-6.15,100,284,302,1,1000,450,58,خودرو,714,-2.19,717,-1.78,20260801,20261028,1000,69,1,100,0,1,0,1,0,0,0.00,0.00,0,0,OTM,طخود8056
ضجوا6003,ITM,0,0,0.00,0.00,20,0,9548,0,9548,0,20,1151,0,0,1000,14000,16,جوانه كوچك,29475,-0.99,29367,-1.36,20260607,20260916,50,8000,0,0,0,5,0,5,0,112,0.00,0.00,0,0,OTM,طجوا6003
ضسپا7030,ITM,261371,687,31130932000.00,180300888000.00,511581,37.12,119,14.42,114,9.62,896,114,118,20,1000,650,51,خساپا,696,1.90,695,1.76,20260718,20261021,0,0,7,1650,0,1,0,1,0,0,0.00,0.00,0,0,OTM,طسپا7030
ضذوب6012,ITM,0,0,0.00,0.00,0,0,1,0,1,0,50,253,0,0,1000,320,9,ذوب,575,2.86,575,2.86,20260613,20260909,500,2,0,0,0,1,0,1,0,600,0.00,0.00,0,0,OTM,طذوب6012
ضهرم6041,ITM,39,9,1167000000.00,2208484000.00,26986,-0.14,29923,-3.24,30000,-2.99,4,27500,30893,1,1000,28000,16,اهرم,58122,-1.30,57989,-1.53,20260620,20260916,1127,9,3,1500,11.11,10,11.11,10,-0.01,93349,571710000.00,100000.00,1,10,OTM,طهرم6041
ضهرم6043,ITM,3580,122,86326315000.00,206914320000.00,99875,-3.44,24113,-3.84,23999,-4.30,10,23600,23999,3,1000,34000,16,اهرم,58122,-1.30,57989,-1.53,20260620,20260916,298,8,4,75,-71.43,8,-60.71,11,-1.22,374338,267928590000.00,60434000.00,90,5312,OTM,طهرم6043
ضملت7037,ITM,302,7,251600000.00,469912000.00,7536,-0.04,833,2.46,800,-1.60,100,673,840,100,1000,754,44,وبملت,1555,1.50,1542,0.65,20260718,20261014,1000,10,1,10100,0,1,0,1,0,0,0.00,0.00,0,0,OTM,طملت7037
ضصاد7041,ITM,6208,16,2444305000.00,6487360000.00,29109,-0.01,394,-3.43,381,-6.62,100,400,450,1015,1000,650,44,وبصادر,1045,2.85,1046,2.95,20260613,20261014,0,0,1,100,0,1,0,1,0,0,0.00,0.00,0,0,OTM,طصاد7041
ضصاد9043,ITM,1330,8,441151000.00,1391180000.00,85758,0.07,332,0,331,-0.30,30,221,345,485,1000,900,100,وبصادر,1045,2.85,1046,2.95,20260815,20261209,0,0,6,266,0,1,0,1,0,0,0.00,0.00,0,0,OTM,طصاد9043
ضخود8057,ITM,27141,182,6655830000.00,18369019000.00,394169,-1.22,245,-2.00,247,-1.20,79,240,247,1756,1000,500,58,خودرو,714,-2.19,717,-1.78,20260801,20261028,980,18,1,400,12.5,18,12.5,18,0.88,2303,14260000.00,360000.00,1,20,OTM,طخود8057
ضخود8064,OTM,57164,145,2924737000.00,40757262000.00,665213,5.42,51,15.91,49,11.36,8300,48,50,1217,1000,900,58,خودرو,714,-2.19,717,-1.78,20260801,20261028,0,0,29,99,0,1,0,1,0,0,0.00,0.00,0,0,ITM,طخود8064
ضخود9050,ITM,8284,36,2303591000.00,5785995000.00,20334,66.77,278,-3.81,278,-3.81,10,268,279,5,1000,500,86,خودرو,714,-2.19,717,-1.78,20260829,20261125,0,0,1,100,0,1,0,1,0,0,0.00,0.00,0,0,OTM,طخود9050
ضشنا6046,ITM,43614,516,103738411000.00,559030640000.00,246394,-2.76,2379,-3.57,2425,-1.70,2,2422,2479,295,1000,10260,9,شپنا,12880,2.55,12920,2.87,20260610,20260909,183,19,10,747,-64.29,10,-39.29,17,-3.45,119945,151739280000.00,206961000.00,69,11931,OTM,طشنا6046
ضشنا6049,OTM,10424,132,4314813000.00,127834000000.00,75306,4.17,414,-4.61,382,-11.98,1000,373,382,1,1000,13260,9,شپنا,12880,2.55,12920,2.87,20260712,20260909,2,1100,351,100,20.05,1000,0,833,0,12,0.00,0.00,0,0,ITM,طشنا6049
ضتاص9014,ITM,0,0,0.00,0.00,2578,0,11633,0,12800,10.03,0,0,0,0,1000,12000,86,تاصيكو,22180,0,22180,0,20260801,20261125,0,0,0,0,0,1,0,1,0,0,0.00,0.00,0,0,OTM,طتاص9014
ضسپا7026,ITM,0,0,0.00,0.00,6332,0,256,0,259,1.17,2000,250,297,38,1000,450,51,خساپا,696,1.90,695,1.76,20260718,20261021,0,0,2,25,0,1,0,1,0,0,0.00,0.00,0,0,OTM,طسپا7026
ضهرم7051,ITM,62,16,2295660000.00,3484080000.00,2285,-0.22,37027,-1.69,36450,-3.22,7,36300,37000,1,1000,22000,51,اهرم,58122,-1.30,57989,-1.53,20260725,20261021,25,250,57,1,0,100,0,100,0,407,0.00,0.00,0,0,OTM,طهرم7051
ضملت7038,ITM,795,4,581656000.00,1236225000.00,45614,0,732,-0.14,730,-0.41,198,720,732,88,1000,854,44,وبملت,1555,1.50,1542,0.65,20260718,20261014,1267,9,7,3,100,4,0,2,0,1864,0.00,0.00,0,0,OTM,طملت7038
ضجار6042,ITM,34706,95,15824271000.00,32085460000.00,1310723,-0.81,456,-7.88,482,-2.63,2010,461,475,2000,1000,541,9,وتجارت,1012,2.95,1012,2.95,20260609,20260909,8589,1,0,0,0,1,0,1,0,113492,0.00,0.00,0,0,OTM,طجار6042
ضجار8025,ITM,0,0,0.00,0.00,2699,0,500,0,500,0,145,550,699,49,1000,541,72,وتجارت,1012,2.95,1012,2.95,20260712,20261111,0,0,1,100,0,22,0,22,0,2,0.00,0.00,0,0,OTM,طجار8025
ضملي7071,ITM,12146,499,37105920318.00,335085287400.00,66210,-0.73,2228,4.55,2310,8.40,1,2295,2310,258,1371,20089,30,فملي,21150,2.97,21150,2.97,20260610,20260930,10,900,789,6,-0.58,860,-8.79,789,20.87,8014,72926574750.00,2721558390.00,61,2517,OTM,طملي7071
ضملي9036,ITM,3,1,35997000.00,63450000.00,1731,0,11999,20.05,11999,20.05,45,9500,11999,6,1000,13000,86,فملي,21150,2.97,21150,2.97,20260808,20261125,0,0,1,100,0,1,0,1,0,0,0.00,0.00,0,0,OTM,طملي9036
ضشنا6045,ITM,7702,192,25969606000.00,95479440000.00,244148,-0.28,3372,-0.68,3400,0.15,30,3400,3430,5,1000,9260,9,شپنا,12880,2.55,12920,2.87,20260610,20260909,1000,14,9,1350,8.33,13,8.33,13,-1.32,209393,238107870000.00,233052000.00,48,18581,OTM,طشنا6045
ضشنا8063,OTM,124,19,273949000.00,1597120000.00,4369,1.63,2209,12.42,2200,11.96,1,2006,2200,33,1000,13260,72,شپنا,12880,2.55,12920,2.87,20260712,20261111,0,0,111,22,0,1,0,1,0,0,0.00,0.00,0,0,ITM,طشنا8063
ضسپا6040,ITM,266,4,80378000.00,185136000.00,24764,0.15,302,3.07,300,2.39,561,293,315,499,1000,400,16,خساپا,696,1.90,695,1.76,20260620,20260916,0,0,0,0,0,2,0,2,0,1400,0.00,0.00,0,0,OTM,طسپا6040
ضسپا6048,OTM,171928,358,3585596000.00,116529888000.00,534490,25.27,21,16.67,19,5.56,6000,18,19,2000,1000,800,16,خساپا,696,1.90,695,1.76,20260620,20260916,0,0,11,111,0,1,0,1,0,0,0.00,0.00,0,0,ITM,طسپا6048
ضراز8002,ITM,0,0,0.00,0.00,27,0,11681,0,11681,0,100,1,0,0,1000,13000,58,هم تراز,25121,-1.02,25645,1.05,20260627,20261028,0,0,1,100,0,1,0,1,0,0,0.00,0.00,0,0,OTM,طراز8002
ضذوب6013,ITM,145,5,37800000.00,83375000.00,2143,-0.09,261,8.75,270,12.50,50,261,319,20,1000,340,9,ذوب,575,2.86,575,2.86,20260613,20260909,100,1,0,0,0,1,0,1,0,100,0.00,0.00,0,0,OTM,طذوب6013
ضهمن9033,ITM,0,0,0.00,0.00,0,0,1,0,1,0,100,1,0,0,1000,2600,107,خبهمن,2722,-2.82,2717,-3.00,20260822,20261216,2,350,4,444,34900,350,34900,350,0,4292,11682824000.00,1500200000.00,10,4292,OTM,طهمن9033
ضملت6021,ITM,2091872,5250,627175958000.00,3188841610000.00,7339550,-5.72,300,1.35,293,-1.01,300,292,293,2348,1000,1254,9,وبملت,1555,1.50,1542,0.65,20260613,20260909,88491,1,0,0,-66.67,1,-66.67,1,15.59,3644889,2897949315000.00,2510439000.00,3765,1866633,OTM,طملت6021
ضملت6022,ITM,2716007,6472,578447062000.00,4138492550000.00,7476978,-4.54,213,2.90,204,-1.45,2068,204,206,3726,1000,1354,9,وبملت,1555,1.50,1542,0.65,20260613,20260909,19310,4,3,151737,-50,4,-50,4,-3.07,1777408,1508110530000.00,4204772000.00,2268,1006164,OTM,طملت6022
ضملت7039,ITM,8758,25,5194245000.00,13622780000.00,76499,-1.23,593,-7.92,639,-0.78,1,600,640,858,1000,954,44,وبملت,1555,1.50,1542,0.65,20260718,20261014,1000,10,1,7800,0,1,0,1,0,867,0.00,0.00,0,0,OTM,طملت7039
ضجار8028,ITM,0,0,0.00,0.00,71683,0,439,0,470,7.06,1,411,549,200,1000,691,72,وتجارت,1012,2.95,1012,2.95,20260712,20261111,0,0,1,100,0,1,0,1,0,0,0.00,0.00,0,0,OTM,طجار8028
ضمخا7093,ITM,0,0,0.00,0.00,13,0,1000,0,1000,0,250,400,0,0,1000,353,44,اخابر,1033,-1.15,1014,-2.97,20260613,20261014,0,0,0,0,0,1,0,1,0,0,0.00,0.00,0,0,OTM,طمخا7093
ضملي7070,ITM,5041,254,23126117115.00,140488769250.00,57827,-0.26,3346,6.73,3460,10.37,1,3460,3461,100,1371,18630,30,فملي,21150,2.97,21150,2.97,20260610,20260930,5,790,377,5,-25.79,400,-25.79,400,0.19,2574,144983250.00,2742000.00,1,5,OTM,طملي7070
ضشنا8064,OTM,0,0,0.00,0.00,12,0,1000,0,1000,0,200,1070,2500,200,1000,14260,72,شپنا,12880,2.55,12920,2.87,20260712,20261111,0,0,11,111,0,1,0,1,0,0,0.00,0.00,0,0,ITM,طشنا8064
ضستا6048,ITM,16663,85,16005422000.00,49213351000.00,309335,-3.38,961,-4.19,940,-6.28,1790,940,955,100,1000,2000,2,شستا,2956,-2.05,2946,-2.39,20260609,20260902,76001,1,0,0,0,1,0,1,0,334430,886200000.00,300000.00,1,300,OTM,طستا6048
ضذوب8023,ITM,0,0,0.00,0.00,0,0,1,0,1,0,100,245,0,0,1000,340,72,ذوب,575,2.86,575,2.86,20260815,20261111,0,0,1,100,0,1,0,1,0,0,0.00,0.00,0,0,OTM,طذوب8023
ضملت7046,OTM,57471,244,7570153000.00,88289790000.00,424803,0.83,132,6.45,134,8.06,932,131,133,30,1000,1654,44,وبملت,1555,1.50,1542,0.65,20260718,20261014,0,0,70,1320,0,1,0,1,0,0,0.00,0.00,0,0,ITM,طملت7046
ضخود9058,OTM,0,0,0.00,0.00,0,0,1,0,1,0,55,35,125,200,1000,1000,86,خودرو,714,-2.19,717,-1.78,20260829,20261125,0,0,1,100,0,1,0,1,0,0,0.00,0.00,0,0,ITM,طخود9058
ضملي9040,ITM,17,4,99206000.00,359550000.00,2111,-0.05,5836,-13.25,6201,-7.82,1,6310,9900,10,1000,18000,86,فملي,21150,2.97,21150,2.97,20260808,20261125,5,2990,110,1,0,1,0,1,0,0,0.00,0.00,0,0,OTM,طملي9040
ضشنا6038,ITM,10,1,80880000.00,126300000.00,389,-2.51,8088,1.71,8088,1.71,9,7407,9088,6,1000,4760,9,شپنا,12880,2.55,12920,2.87,20260610,20260909,0,0,1,100,0,1,0,1,0,0,0.00,0.00,0,0,OTM,طشنا6038
ضتاص7013,OTM,0,0,0.00,0.00,3306,0,1735,0,1900,9.51,0,0,0,0,1000,24000,30,تاصيكو,22180,0,22180,0,20260809,20260930,0,0,0,0,0,1,0,1,0,0,0.00,0.00,0,0,ITM,طتاص7013
ضسپا8082,ITM,2136,3,736584000.00,1484520000.00,6617,4.75,345,-5.48,396,8.49,450,326,377,300,1000,400,79,خساپا,696,1.90,695,1.76,20260822,20261118,0,0,1,100,0,1,0,1,0,0,0.00,0.00,0,0,OTM,طسپا8082
ضستا6049,ITM,216019,700,164323059000.00,567501526000.00,1221912,-11.65,761,-4.28,752,-5.41,300,753,761,100,1000,2200,2,شستا,2956,-2.05,2946,-2.39,20260609,20260902,441044,1,0,0,0,1,0,1,-0.82,1301834,219401952000.00,76323000.00,158,75313,OTM,طستا6049
ضذوب7042,ITM,62379,185,8392510000.00,35839750000.00,178340,37.13,135,2.27,127,-3.79,510,128,133,603,1000,550,44,ذوب,575,2.86,575,2.86,20260712,20261014,0,0,15,100,0,1,0,1,0,0,0.00,0.00,0,0,OTM,طذوب7042
ضذوب8021,ITM,2461,29,845999000.00,1357575000.00,24206,-0.20,344,-1.71,356,1.71,116,314,356,330,1000,300,72,ذوب,575,2.86,575,2.86,20260815,20261111,0,0,1,100,0,1,0,1,0,0,0.00,0.00,0,0,OTM,طذوب8021
ضهرم6046,ITM,6475,213,80632871000.00,376320525000.00,171563,-3.64,12453,-7.29,12200,-9.17,22,12300,12590,34,1000,46000,16,اهرم,58122,-1.30,57989,-1.53,20260620,20260916,100,185,121,1000,-53.76,129,-46.24,150,-4.13,107763,269886060000.00,695007000.00,106,4644,OTM,طهرم6046
ضهمن7038,OTM,0,0,0.00,0.00,8542,0,100,0,100,0,1000,10,100,1000,1000,3500,51,خبهمن,2722,-2.82,2717,-3.00,20260818,20261021,0,0,2,1000,0,1,0,1,0,0,0.00,0.00,0,0,ITM,طهمن7038
ضملت8079,OTM,4004,29,404615000.00,6228668000.00,51825,0.77,101,31.17,109,41.56,200,99,104,1,1000,1900,72,وبملت,1555,1.50,1542,0.65,20260815,20261111,0,0,11,111,0,1,0,1,0,0,0.00,0.00,0,0,ITM,طملت8079
ضخود7129,ITM,12370,64,4008013000.00,8467588000.00,338944,0.01,324,-2.99,324,-2.99,420,320,330,1000,1000,400,30,خودرو,714,-2.19,717,-1.78,20260701,20260930,14817,2,1,48759,-33.33,2,-66.67,1,16.86,249573,44206000000.00,86366000.00,91,62183,OTM,طخود7129
ضخود8052,ITM,6279,69,2409819000.00,4476927000.00,97318,0,384,-3.27,392,-1.26,500,392,395,30,1000,340,58,خودرو,714,-2.19,717,-1.78,20260801,20261028,1000,14,1,100,0,14,0,14,0,209,0.00,0.00,0,0,OTM,طخود8052
ضتاص7003,ITM,0,0,0.00,0.00,317,0,16840,0,16840,0,0,0,0,0,1000,10000,30,تاصيكو,22180,0,22180,0,20260610,20260930,0,0,0,0,0,1,0,1,0,0,0.00,0.00,0,0,OTM,طتاص7003
ضتاص7005,ITM,0,0,0.00,0.00,934,0,9370,0,9200,-1.81,0,0,0,0,1000,12000,30,تاصيكو,22180,0,22180,0,20260610,20260930,0,0,0,0,0,1,0,1,0,0,0.00,0.00,0,0,OTM,طتاص7005
ضسپا6038,ITM,2380,17,818875000.00,1482480000.00,16247,-0.03,344,2.99,345,3.29,10,301,346,500,1000,360,16,خساپا,696,1.90,695,1.76,20260620,20260916,0,0,0,0,0,2,0,2,0,200,0.00,0.00,0,0,OTM,طسپا6038
ضسپا6049,OTM,156994,328,953563000.00,108729816000.00,1147281,12.95,6,-14.29,5,-28.57,11227,5,6,191948,1000,900,16,خساپا,696,1.90,695,1.76,20260620,20260916,0,0,29,99,0,1,0,1,0,0,0.00,0.00,0,0,ITM,طسپا6049
ضستا8054,ITM,43,1,36765000.00,127022000.00,1999,2.20,855,-18.96,855,-18.96,42,855,1040,26,1000,2200,65,شستا,2956,-2.05,2946,-2.39,20260808,20261104,150,255,8,25,0,1,0,1,0,0,0.00,0.00,0,0,OTM,طستا8054
ضهمن9031,ITM,0,0,0.00,0.00,0,0,1,0,1,0,100,1,0,0,1000,2200,107,خبهمن,2722,-2.82,2717,-3.00,20260822,20261216,0,0,1,100,0,1,0,1,0,0,0.00,0.00,0,0,OTM,طهمن9031
ضصاد9046,OTM,0,0,0.00,0.00,0,0,1,0,1,0,1,75,0,0,1000,1200,100,وبصادر,1045,2.85,1046,2.95,20260815,20261209,0,0,1,100,0,1,0,1,0,0,0.00,0.00,0,0,ITM,طصاد9046
ضجار8034,OTM,0,0,0.00,0.00,0,0,1,0,1,0,100,250,250,200,1000,1191,72,وتجارت,1012,2.95,1012,2.95,20260831,20261111,0,0,1,100,0,1,0,1,0,0,0.00,0.00,0,0,ITM,طجار8034
ضخود8054,ITM,56,4,20384000.00,25668000.00,5459,0.05,364,-2.93,364,-2.93,120,335,365,20,1000,380,58,خودرو,714,-2.19,717,-1.78,20260801,20261028,1000,29,2,52,0,4,0,4,0,4044,0.00,0.00,0,0,OTM,طخود8054
ضخود9057,OTM,4914,19,355603000.00,2940412000.00,6325,187.37,72,-22.58,69,-25.81,200,62,71,385,1000,900,86,خودرو,714,-2.19,717,-1.78,20260829,20261125,0,0,11,111,0,1,0,1,0,0,0.00,0.00,0,0,ITM,طخود9057
ضملي7068,ITM,1044,117,8095190148.00,28793673450.00,43276,-0.48,5656,1.33,5947,6.54,32,5820,5947,22,1371,15714,30,فملي,21150,2.97,21150,2.97,20260610,20260930,20,95,68,22,9.09,72,10.61,73,0.04,2607,695919600.00,2401992.00,5,24,OTM,طملي7068
ضستا7050,ITM,51,3,80650000.00,32527000.00,4260,0,1581,-2.59,1577,-2.83,10,1577,1779,10,1000,1400,37,شستا,2956,-2.05,2946,-2.39,20260701,20261007,82,10,2,2000,0,2,0,2,0,2575,0.00,0.00,0,0,OTM,طستا7050
ضذوب8032,OTM,0,0,0.00,0.00,2721,0,79,0,100,26.58,1000,66,0,0,1000,700,72,ذوب,575,2.86,575,2.86,20260815,20261111,0,0,25,99,0,1,0,1,0,0,0.00,0.00,0,0,ITM,طذوب8032
ضهرم8030,ITM,185,25,1866909000.00,10733515000.00,883,2.91,10091,-2.81,10200,-1.76,3,10000,10300,20,1000,56000,79,اهرم,58122,-1.30,57989,-1.53,20260822,20261118,5,7779,4009,5,23.90,4007,12.21,3629,175,110,4292296000.00,384694000.00,19,106,OTM,طهرم8030
ضهرم8032,OTM,452,41,2113091000.00,26271596000.00,1294,21.73,4675,-3.21,4470,-7.45,2,4411,4799,10,1000,68000,79,اهرم,58122,-1.30,57989,-1.53,20260822,20261118,10,20000,9000,2,14.04,13000,14.04,13000,0,34,232484000.00,52000000.00,2,4,ITM,طهرم8032
ضملت6024,ITM,3314508,7644,278239915000.00,5110246260000.00,5981410,5.56,84,16.67,76,5.56,3947,75,76,666,1000,1554,9,وبملت,1555,1.50,1542,0.65,20260613,20260909,1000,72,71,810,14.52,71,4.84,65,111.25,181062,417032340000.00,18028586000.00,713,279188,OTM,طملت6024
ضجار6049,ITM,180078,486,22885675000.00,171707052000.00,1358392,0.79,127,-7.97,116,-15.94,3649,116,118,900,1000,941,9,وتجارت,1012,2.95,1012,2.95,20260818,20260909,500,32,12,63,41.67,34,29.17,31,1.01,26958,1285240000.00,77196000.00,6,2474,OTM,طجار6049
ضخود9055,OTM,0,0,0.00,0.00,0,0,1,0,1,0,1,110,190,1000,1000,750,86,خودرو,714,-2.19,717,-1.78,20260829,20261125,0,0,1,100,0,1,0,1,0,0,0.00,0.00,0,0,ITM,طخود9055
ضتاص7004,ITM,0,0,0.00,0.00,439,0,10220,0,10220,0,0,0,0,0,1000,11000,30,تاصيكو,22180,0,22180,0,20260610,20260930,0,0,0,0,0,1,0,1,0,0,0.00,0.00,0,0,OTM,طتاص7004
ضتاص9021,ITM,0,0,0.00,0.00,30,0,10851,0,9999,-7.85,0,0,0,0,1000,22000,86,تاصيكو,22180,0,22180,0,20260801,20261125,0,0,0,0,0,1,0,1,0,0,0.00,0.00,0,0,OTM,طتاص9021
ضستا7057,ITM,1668,19,1351903000.00,4932276000.00,50074,0,810,-2.06,811,-1.93,990,811,879,119,1000,2200,37,شستا,2956,-2.05,2946,-2.39,20260701,20261007,533,22,5,100,100,22,9.09,12,0,11058,5894000.00,25000.00,2,2,OTM,طستا7057
ضراز8005,ITM,0,0,0.00,0.00,779,0,9139,0,9139,0,100,1,0,0,1000,16000,58,هم تراز,25121,-1.02,25645,1.05,20260627,20261028,0,0,1,100,0,1,0,1,0,0,0.00,0.00,0,0,OTM,طراز8005
ضجار6035,ITM,121,2,87405000.00,122452000.00,13669,0,722,0.70,777,8.37,1008,665,776,163,1000,311,9,وتجارت,1012,2.95,1012,2.95,20260609,20260909,831,1,0,0,0,1,0,1,0,3560,0.00,0.00,0,0,OTM,طجار6035
ضجار8022,ITM,0,0,0.00,0.00,431091,0,705,0,690,-2.13,500,620,800,50,1000,391,72,وتجارت,1012,2.95,1012,2.95,20260712,20261111,217,6,1,2100,0,5,0,5,0,11342,0.00,0.00,0,0,OTM,طجار8022
ضجار8027,ITM,1388,15,698717000.00,1404656000.00,121821,0.01,503,3.93,500,3.31,400,447,500,601,1000,641,72,وتجارت,1012,2.95,1012,2.95,20260712,20261111,0,0,1,100,0,1,0,1,0,0,0.00,0.00,0,0,OTM,طجار8027
ضخود8059,ITM,94274,292,15070770000.00,62674126000.00,348746,2.56,160,-4.19,167,0,200,165,167,2181,1000,600,58,خودرو,714,-2.19,717,-1.78,20260801,20261028,1000,60,1,270,0,1,0,1,0,0,0.00,0.00,0,0,OTM,طخود8059
ضخود8061,ITM,245806,586,25262351000.00,170061195000.00,1124832,12.90,103,-0.96,102,-1.92,1418,102,104,2426,1000,700,58,خودرو,714,-2.19,717,-1.78,20260801,20261028,1000,199,41,65,0,1,0,1,0,0,0.00,0.00,0,0,OTM,طخود8061
ضخود9054,ITM,102,7,18564000.00,62031000.00,2292,4.18,182,-9.90,175,-13.37,510,139,175,5984,1000,700,86,خودرو,714,-2.19,717,-1.78,20260829,20261125,0,0,1,100,0,1,0,1,0,0,0.00,0.00,0,0,OTM,طخود9054
ضجوا6012,OTM,151,4,182536000.00,4453141000.00,2339,4.51,1209,-9.23,1186,-10.96,230,1184,1207,211,1000,30000,16,جوانه كوچك,29475,-0.99,29367,-1.36,20260809,20260916,0,0,11,111,0,1,0,1,0,0,0.00,0.00,0,0,ITM,طجوا6012
ضجوا6014,OTM,0,0,0.00,0.00,0,0,1,0,1,0,111,11,0,0,1000,38000,16,جوانه كوچك,29475,-0.99,29367,-1.36,20260826,20260916,0,0,111,9,0,1,0,1,0,0,0.00,0.00,0,0,ITM,طجوا6014
ضشنا6042,ITM,995,37,5989633000.00,12815600000.00,14750,-3.42,6020,1.24,6010,1.08,99,5508,6010,2,1000,6760,9,شپنا,12880,2.55,12920,2.87,20260610,20260909,0,0,1,99,0,1,0,1,0,1,0.00,0.00,0,0,OTM,طشنا6042
ضتاص7011,ITM,0,0,0.00,0.00,10717,0,4077,0,4299,5.45,0,0,0,0,1000,20000,30,تاصيكو,22180,0,22180,0,20260610,20260930,0,0,0,0,0,1,0,1,0,0,0.00,0.00,0,0,OTM,طتاص7011
ضسپا7024,ITM,0,0,0.00,0.00,240,0,220,0,220,0,1000,112,0,0,1000,380,51,خساپا,696,1.90,695,1.76,20260718,20261021,48,17,2,3000,-33.33,2,-33.33,2,4000,1025,691000000.00,2000000.00,2,1000,OTM,طسپا7024
ضستا6047,ITM,7152,44,7648040000.00,21148464000.00,71058,-2.96,1069,-2.91,1051,-4.54,1000,1060,1079,100,1000,1900,2,شستا,2956,-2.05,2946,-2.39,20260609,20260902,56590,1,0,0,0,1,0,1,0,166889,0.00,0.00,0,0,OTM,طستا6047
ضهمن7033,ITM,0,0,0.00,0.00,451,0,229,0,201,-12.23,9,222,0,0,1000,2400,51,خبهمن,2722,-2.82,2717,-3.00,20260818,20261021,0,0,1,100,0,1,0,1,0,1,0.00,0.00,0,0,OTM,طهمن7033
ضصاد7048,OTM,69216,150,4766605000.00,71285720000.00,274318,26.29,69,60.47,69,60.47,1051,67,69,121,1000,1200,44,وبصادر,1045,2.85,1046,2.95,20260826,20261014,0,0,66,20,0,1,0,1,0,0,0.00,0.00,0,0,ITM,طصاد7048
ضخود7131,ITM,225978,744,51241393000.00,157544480000.00,2648819,-0.43,227,-2.99,225,-3.85,234,225,228,5,1000,500,30,خودرو,714,-2.19,717,-1.78,20260701,20260930,5372,4,3,120108,0,4,0,4,1.60,1702414,93179831000.00,550642000.00,328,137160,OTM,طخود7131
ضجوا8007,OTM,0,0,0.00,0.00,0,0,1,0,1,0,111,11,0,0,1000,30000,79,جوانه كوچك,29475,-0.99,29367,-1.36,20260818,20261118,0,0,1,100,0,1,0,1,0,0,0.00,0.00,0,0,ITM,طجوا8007
ضملي7062,ITM,2,2,32904000.00,57993300.00,678,0,12000,3.60,13000,12.23,5,11112,13492,1,1371,9151,30,فملي,21150,2.97,21150,2.97,20260610,20260930,100,290,8,12,6.38,50,0,47,0,287,0.00,0.00,0,0,OTM,طملي7062
ضشنا6044,ITM,6533,175,29030512000.00,84145040000.00,146453,-1.58,4444,4.52,4459,4.87,100,4330,4459,55,1000,8260,9,شپنا,12880,2.55,12920,2.87,20260610,20260909,78,8,5,2220,14.29,8,28.57,9,-2.78,13565,5692960000.00,3939000.00,14,442,OTM,طشنا6044
ضستا6050,ITM,119719,578,67287066000.00,333981322000.00,1439325,-2.70,562,-6.02,559,-6.52,10,560,561,100,1000,2400,2,شستا,2956,-2.05,2946,-2.39,20260609,20260902,169018,1,0,0,0,1,0,1,-3.42,1456124,1052922646000.00,357078000.00,716,356078,OTM,طستا6050
ضستا6054,OTM,4705541,9401,6014332000.00,13629312733000.00,6727453,-4.91,1,-80.0,1,-80.0,0,0,1,411782,1000,3250,2,شستا,2956,-2.05,2946,-2.39,20260815,20260902,600,280,279,20,18.64,280,16.53,275,16.40,85957,258687231000.00,25542466000.00,470,92845,ITM,طستا6054
ضهمن7032,ITM,1130,20,826773000.00,3075860000.00,17535,6.43,732,-6.51,789,0.77,1000,671,787,424,1000,2200,51,خبهمن,2722,-2.82,2717,-3.00,20260818,20261021,0,0,5,255,0,1,0,1,0,0,0.00,0.00,0,0,OTM,طهمن7032
ضصاد7038,ITM,899,10,510881000.00,938556000.00,2377,59.10,568,-12.48,575,-11.40,1000,500,699,2,1000,500,44,وبصادر,1045,2.85,1046,2.95,20260613,20261014,0,0,0,0,0,1,0,1,0,0,0.00,0.00,0,0,OTM,طصاد7038
ضجار6037,ITM,0,0,0.00,0.00,13461,0,689,0,692,0.44,110,563,730,99,1000,351,9,وتجارت,1012,2.95,1012,2.95,20260609,20260909,0,0,0,0,-20,4,0,5,0,2300,0.00,0.00,0,0,OTM,طجار6037
ضخود7128,ITM,690,21,240691000.00,486979000.00,23247,1.47,349,-2.51,340,-5.03,93,340,367,1000,1000,380,30,خودرو,714,-2.19,717,-1.78,20260701,20260930,1000,2,1,1100,0,10,0,10,0,4509,0.00,0.00,0,0,OTM,طخود7128
ضخود8058,ITM,15746,59,3164219000.00,11084298000.00,146897,-1.68,201,-2.90,203,-1.93,200,201,203,97,1000,550,58,خودرو,714,-2.19,717,-1.78,20260801,20261028,77,19,15,10,5.56,19,5.56,19,0,5415,16399000.00,437000.00,5,23,OTM,طخود8058
ضجوا6001,ITM,0,0,0.00,0.00,0,0,1,0,1,0,2,1150,0,0,1000,12000,16,جوانه كوچك,29475,-0.99,29367,-1.36,20260607,20260916,0,0,0,0,0,1,0,1,0,0,0.00,0.00,0,0,OTM,طجوا6001
ضجوا8003,ITM,0,0,0.00,0.00,0,0,1,0,1,0,20,500,0,0,1000,22000,79,جوانه كوچك,29475,-0.99,29367,-1.36,20260818,20261118,0,0,1,100,0,1,0,1,0,0,0.00,0.00,0,0,OTM,طجوا8003
ضتاص7012,ITM,0,0,0.00,0.00,4544,0,2510,0,2502,-0.32,0,0,0,0,1000,22000,30,تاصيكو,22180,0,22180,0,20260809,20260930,0,0,0,0,0,1,0,1,0,0,0.00,0.00,0,0,OTM,طتاص7012
ضستا7062,OTM,129047,582,17859692000.00,370414519000.00,495572,1.42,138,-13.75,127,-20.62,188,127,129,144,1000,3250,37,شستا,2956,-2.05,2946,-2.39,20260701,20261007,150,665,88,33,0,1,0,1,0,0,0.00,0.00,0,0,ITM,طستا7062
ضستا6053,OTM,7151661,15899,375497898000.00,20871999285000.00,5034437,20.26,53,-32.05,44,-43.59,6269,44,45,16667,1000,3000,2,شستا,2956,-2.05,2946,-2.39,20260815,20260902,5469,75,74,7187,13.85,74,13.85,74,23.84,2958438,15808402915000.00,401033227000.00,12210,5437301,ITM,طستا6053
ضراز1008,OTM,0,0,0.00,0.00,0,0,1,0,1,0,100,1,0,0,1000,30000,121,هم تراز,25121,-1.02,25645,1.05,20260829,20261230,0,0,1,100,0,1,0,1,0,0,0.00,0.00,0,0,ITM,طراز1008
ضذوب6010,ITM,242,5,77440000.00,139150000.00,6161,-0.68,320,-3.03,330,0,113,315,0,0,1000,280,9,ذوب,575,2.86,575,2.86,20260613,20260909,500,2,0,0,0,1,0,1,0,500,0.00,0.00,0,0,OTM,طذوب6010
ضهمن7029,ITM,0,0,0.00,0.00,0,0,1,0,1,0,800,800,0,0,1000,1800,51,خبهمن,2722,-2.82,2717,-3.00,20260818,20261021,0,0,1,100,0,1,0,1,0,0,0.00,0.00,0,0,OTM,طهمن7029
ضهمن7031,ITM,0,0,0.00,0.00,1180,0,902,0,900,-0.22,100,300,989,14,1000,2000,51,خبهمن,2722,-2.82,2717,-3.00,20260818,20261021,0,0,8,188,12.5,9,12.5,9,-36.80,9035,14317720000.00,47728000.00,11,5260,OTM,طهمن7031
ضصاد7047,OTM,16623,34,2177027000.00,16733585000.00,31016,63.75,131,4.80,111,-11.20,45,95,118,1000,1000,1100,44,وبصادر,1045,2.85,1046,2.95,20260826,20261014,300,235,80,10,0,1,0,1,0,0,0.00,0.00,0,0,ITM,طصاد7047
ضخود9049,ITM,0,0,0.00,0.00,1042,0,340,0,339,-0.29,3,290,360,258,1000,450,86,خودرو,714,-2.19,717,-1.78,20260829,20261125,0,0,1,100,0,1,0,1,0,0,0.00,0.00,0,0,OTM,طخود9049
ضجوا6000,ITM,0,0,0.00,0.00,0,0,1,0,1,0,2,1150,0,0,1000,11000,16,جوانه كوچك,29475,-0.99,29367,-1.36,20260607,20260916,0,0,0,0,0,1,0,1,0,0,0.00,0.00,0,0,OTM,طجوا6000
ضجوا6010,ITM,355,2,1441238000.00,10467885000.00,6950,-0.88,4060,-7.24,4059,-7.27,250,3978,4059,231,1000,26000,16,جوانه كوچك,29475,-0.99,29367,-1.36,20260607,20260916,150,500,1,100,75.93,380,0,216,0,276,0.00,0.00,0,0,OTM,طجوا6010
ضجوا8010,OTM,0,0,0.00,0.00,0,0,1,0,1,0,1000,60,0,0,1000,42000,79,جوانه كوچك,29475,-0.99,29367,-1.36,20260818,20261118,0,0,1,100,0,1,0,1,0,0,0.00,0.00,0,0,ITM,طجوا8010
ضمخا7095,ITM,0,0,0.00,0.00,0,0,1,0,1,0,100,100,0,0,1000,453,44,اخابر,1033,-1.15,1014,-2.97,20260613,20261014,0,0,0,0,0,1,0,1,0,0,0.00,0.00,0,0,OTM,طمخا7095
ضمخا9015,ITM,0,0,0.00,0.00,30,0,600,0,600,0,100,1,0,0,1000,600,100,اخابر,1033,-1.15,1014,-2.97,20260815,20261209,0,0,1,100,0,1,0,1,0,0,0.00,0.00,0,0,OTM,طمخا9015
ضملي7061,ITM,754,32,13419980031.00,21863474100.00,16102,-3.57,12982,5.79,13001,5.94,99,13001,13200,10,1371,8422,30,فملي,21150,2.97,21150,2.97,20260610,20260930,3,30,2,500,100,6,100,6,0,34,86989950.00,24678.00,1,3,OTM,طملي7061
ضملي7065,ITM,79,7,1093852350.00,2290735350.00,2854,-0.07,10099,6.28,10050,5.77,11,10115,10539,923,1371,11339,30,فملي,21150,2.97,21150,2.97,20260610,20260930,0,0,1,100,0,1,0,1,0,0,0.00,0.00,0,0,OTM,طملي7065
ضتاص9020,ITM,0,0,0.00,0.00,1960,0,10021,0,9999,-0.22,0,0,0,0,1000,20000,86,تاصيكو,22180,0,22180,0,20260801,20261125,0,0,0,0,0,1,0,1,0,0,0.00,0.00,0,0,OTM,طتاص9020
ضهرم6040,ITM,72,7,2311500000.00,4183632000.00,27599,-0.26,32104,-2.73,32000,-3.05,30,31001,32898,5,1000,26000,16,اهرم,58122,-1.30,57989,-1.53,20260620,20260916,1000,19,13,730,44.44,13,44.44,13,-0.21,129247,15690510000.00,3510000.00,1,270,OTM,طهرم6040
ضصاد7039,ITM,103,5,51862000.00,107635000.00,6487,0,504,-5.97,458,-14.55,1100,459,540,450,1000,550,44,وبصادر,1045,2.85,1046,2.95,20260613,20261014,0,0,0,0,0,1,0,1,0,0,0.00,0.00,0,0,OTM,طصاد7039
ضصاد9042,ITM,0,0,0.00,0.00,27,0,330,0,330,0,100,1,575,100,1000,800,100,وبصادر,1045,2.85,1046,2.95,20260815,20261209,0,0,1,100,0,1,0,1,0,0,0.00,0.00,0,0,OTM,طصاد9042
ضصاد9045,OTM,2325,30,311290000.00,1358500000.00,1264,0,134,13300,147,14600,999,136,149,1,1000,1100,100,وبصادر,1045,2.85,1046,2.95,20260815,20261209,0,0,1,100,0,1,0,1,0,0,0.00,0.00,0,0,ITM,طصاد9045
ضجار6048,ITM,76704,206,15153596000.00,70546520000.00,1352812,-0.17,198,-7.48,195,-8.88,10,195,200,5100,1000,841,9,وتجارت,1012,2.95,1012,2.95,20260818,20260909,1980,5,4,6000,25,5,25,5,13.48,159974,19350452000.00,95376000.00,39,19141,OTM,طجار6048
ضجوا6008,ITM,0,0,0.00,0.00,1612,0,7501,0,7501,0,25,6500,0,0,1000,22000,16,جوانه كوچك,29475,-0.99,29367,-1.36,20260607,20260916,0,0,1,100,0,1,0,1,0,0,0.00,0.00,0,0,OTM,طجوا6008
ضمخا7097,ITM,0,0,0.00,0.00,12103,0,611,0,611,0,200,50,0,0,1000,553,44,اخابر,1033,-1.15,1014,-2.97,20260613,20261014,0,0,1,100,0,1,0,1,0,0,0.00,0.00,0,0,OTM,طمخا7097
ضمخا9016,ITM,0,0,0.00,0.00,0,0,1,0,1,0,100,1,0,0,1000,650,100,اخابر,1033,-1.15,1014,-2.97,20260815,20261209,0,0,1,100,0,1,0,1,0,0,0.00,0.00,0,0,OTM,طمخا9016
ضسپا6041,ITM,8306,20,2093812000.00,5780976000.00,274649,-0.21,252,2.02,251,1.62,600,243,250,1000,1000,450,16,خساپا,696,1.90,695,1.76,20260620,20260916,0,0,0,0,0,2,0,2,0,1104,0.00,0.00,0,0,OTM,طسپا6041
ضسپا7021,ITM,1862,6,762688000.00,1290366000.00,19329,0,410,2.50,409,2.25,10,300,409,100,1000,320,51,خساپا,696,1.90,695,1.76,20260718,20261021,0,0,1,100,0,1,0,1,0,0,0.00,0.00,0,0,OTM,طسپا7021
ضسپا7025,ITM,1454,4,484200000.00,1003260000.00,17055,1.19,333,3.42,340,5.59,30,289,346,10,1000,400,51,خساپا,696,1.90,695,1.76,20260718,20261021,0,0,1,100,0,1,0,1,0,0,0.00,0.00,0,0,OTM,طسپا7025
ضستا6051,ITM,314502,1020,115776763000.00,875490818000.00,1582435,-5.86,368,-8.46,362,-9.95,11,362,364,2000,1000,2600,2,شستا,2956,-2.05,2946,-2.39,20260609,20260902,218960,1,0,0,-50,1,-50,1,-8.92,2701359,1762788937000.00,632239000.00,1284,606141,OTM,طستا6051
ضهرم7054,ITM,0,0,0.00,0.00,1069,0,32019,0,32000,-0.06,10,30450,31600,1,1000,28000,51,اهرم,58122,-1.30,57989,-1.53,20260725,20261021,239,300,111,161,0,100,0,100,0,1042,0.00,0.00,0,0,OTM,طهرم7054
ضهرم8028,ITM,0,0,0.00,0.00,1104,0,18111,0,17999,-0.62,3,13106,18900,2,1000,46000,79,اهرم,58122,-1.30,57989,-1.53,20260822,20261118,100,3490,1400,960,-41.94,2000,0,3445,0,7,0.00,0.00,0,0,OTM,طهرم8028
ضهمن9035,OTM,0,0,0.00,0.00,0,0,1,0,1,0,1000,131,0,0,1000,3000,107,خبهمن,2722,-2.82,2717,-3.00,20260822,20261216,0,0,1,100,0,1,0,1,0,0,0.00,0.00,0,0,ITM,طهمن9035
ضملت7040,ITM,28244,102,15438447000.00,39590300000.00,262121,-0.90,547,0,525,-4.02,1000,514,530,2534,1000,1054,44,وبملت,1555,1.50,1542,0.65,20260718,20261014,1900,9,3,1000,-27.27,8,-9.09,10,0.79,12926,468356000.00,2908000.00,3,301,OTM,طملت7040
ضملت7047,OTM,53994,158,5224762000.00,83204940000.00,271921,7.83,97,8.99,98,10.11,1836,98,102,1000,1000,1754,44,وبملت,1555,1.50,1542,0.65,20260718,20261014,0,0,29,99,0,1,0,1,0,0,0.00,0.00,0,0,ITM,طملت7047
ضجار8033,OTM,0,0,0.00,0.00,0,0,1,0,1,0,500,360,360,500,1000,1091,72,وتجارت,1012,2.95,1012,2.95,20260831,20261111,0,0,11,111,0,1,0,1,0,0,0.00,0.00,0,0,ITM,طجار8033
ضخود9060,OTM,5500,19,324220000.00,3921500000.00,5601,5445.54,59,-26.25,50,-37.50,100,40,50,1000,1000,1200,86,خودرو,714,-2.19,717,-1.78,20260829,20261125,0,0,1,100,0,1,0,1,0,0,0.00,0.00,0,0,ITM,طخود9060
ضجوا6011,ITM,180,4,421697000.00,5307660000.00,783,11.38,2343,-11.35,2324,-12.07,184,2324,2371,250,1000,28000,16,جوانه كوچك,29475,-0.99,29367,-1.36,20260809,20260916,0,0,4,444,0,1,0,1,0,0,0.00,0.00,0,0,OTM,طجوا6011
ضمخا7094,ITM,17,2,10956000.00,17578000.00,161101,0.00,644,-2.13,645,-1.98,500,333,644,20,1000,403,44,اخابر,1033,-1.15,1014,-2.97,20260613,20261014,0,0,0,0,0,1,0,1,0,0,0.00,0.00,0,0,OTM,طمخا7094
ضمخا7106,OTM,0,0,0.00,0.00,0,0,1,0,1,0,100,1,0,0,1000,1253,44,اخابر,1033,-1.15,1014,-2.97,20260831,20261014,0,0,1,100,0,1,0,1,0,0,0.00,0.00,0,0,ITM,طمخا7106
ضشنا6040,ITM,0,0,0.00,0.00,1365,0,7141,0,7996,11.97,100,4701,8008,113,1000,5760,9,شپنا,12880,2.55,12920,2.87,20260610,20260909,0,0,1,100,0,1,0,1,0,0,0.00,0.00,0,0,OTM,طشنا6040
ضسپا6046,OTM,432180,945,24324947000.00,300053256000.00,1748784,12.00,56,12.00,57,14.00,2904,54,56,1000,1000,700,16,خساپا,696,1.90,695,1.76,20260620,20260916,1037,41,38,189,28.12,41,15.62,37,380.30,5096,3483480000.00,217433000.00,22,5933,ITM,طسپا6046
ضملت7041,ITM,7838,38,3582842000.00,8979676000.00,201523,1.22,457,-2.35,450,-3.85,200,417,452,99,1000,1154,44,وبملت,1555,1.50,1542,0.65,20260718,20261014,1000,14,10,275,-14.29,12,0,14,6.56,24788,3928900000.00,36300000.00,6,2525,OTM,طملت7041
ضملت8080,OTM,14328,60,1205305000.00,22280040000.00,106894,3.23,84,13.51,77,4.05,5,79,81,550,1000,2000,72,وبملت,1555,1.50,1542,0.65,20260815,20261111,0,0,3,500,0,452,0,452,0,1000,0.00,0.00,0,0,ITM,طملت8080
ضجار6038,ITM,2220,11,1515750000.00,1538240000.00,5916,34.58,683,3.48,659,-0.15,8,612,658,830,1000,371,9,وتجارت,1012,2.95,1012,2.95,20260609,20260909,0,0,0,0,0,15,0,15,0,550,0.00,0.00,0,0,OTM,طجار6038
ضجوا8005,ITM,0,0,0.00,0.00,0,0,1,0,1,0,20,100,0,0,1000,26000,79,جوانه كوچك,29475,-0.99,29367,-1.36,20260818,20261118,0,0,1,100,0,1,0,1,0,0,0.00,0.00,0,0,OTM,طجوا8005
ضشنا6043,ITM,1320,48,7253512000.00,17001600000.00,14399,-6.48,5495,2.44,5477,2.11,90,5300,5548,100,1000,7260,9,شپنا,12880,2.55,12920,2.87,20260610,20260909,1016,50,1,100,5400,55,1600,17,-66.67,16,412160000.00,560000.00,4,32,OTM,طشنا6043
ضسپا8087,ITM,700,1,168000000.00,487200000.00,3656,0,240,46.34,240,46.34,20,91,240,300,1000,650,79,خساپا,696,1.90,695,1.76,20260822,20261118,0,0,7,177,0,1,0,1,0,0,0.00,0.00,0,0,OTM,طسپا8087
ضذوب8027,ITM,1845,22,418840000.00,1060875000.00,61260,0.96,227,0.44,239,5.75,179,226,240,200,1000,450,72,ذوب,575,2.86,575,2.86,20260815,20261111,0,0,3,333,0,1,0,1,0,0,0.00,0.00,0,0,OTM,طذوب8027
ضهرم7057,ITM,3452,329,73664594000.00,198312264000.00,34061,-2.82,21340,-3.24,21201,-3.87,100,21049,21550,200,1000,38000,51,اهرم,58122,-1.30,57989,-1.53,20260725,20261021,261,490,456,300,-0.81,490,0.40,496,2.21,82127,355073407000.00,3524525000.00,239,7109,OTM,طهرم7057
ضهرم7062,OTM,289620,4235,1327157149000.00,16633993302000.00,379746,18.26,4582,-3.39,4590,-3.23,50,4571,4609,21,1000,62000,51,اهرم,58122,-1.30,57989,-1.53,20260725,20261021,18,7389,7370,17,5.32,7370,4.90,7341,16.25,48504,1693093860000.00,217343196000.00,1256,29605,ITM,طهرم7062
ضهرم8033,OTM,387,37,1188221000.00,22484700000.00,1844,14.39,3070,-7.11,2970,-10.14,1,2966,3050,35,1000,74000,79,اهرم,58122,-1.30,57989,-1.53,20260822,20261118,10,19000,12150,5,0,11001,0,11001,0,32,0.00,0.00,0,0,ITM,طهرم8033
ضهمن9029,ITM,0,0,0.00,0.00,0,0,1,0,1,0,100,100,0,0,1000,1900,107,خبهمن,2722,-2.82,2717,-3.00,20260822,20261216,0,0,1,100,0,1,0,1,0,0,0.00,0.00,0,0,OTM,طهمن9029
ضملت8073,ITM,61598,164,23800081000.00,85677390000.00,94400,78.38,386,-9.81,373,-12.85,124,372,373,149,1000,1300,72,وبملت,1555,1.50,1542,0.65,20260815,20261111,300,197,10,1200,0,100,0,100,0,424,0.00,0.00,0,0,OTM,طملت8073
ضصاد9041,ITM,0,0,0.00,0.00,0,0,1,0,1,0,100,316,599,100,1000,750,100,وبصادر,1045,2.85,1046,2.95,20260815,20261209,0,0,3,333,0,1,0,1,0,0,0.00,0.00,0,0,OTM,طصاد9041
ضجار8026,ITM,2249,17,1287140000.00,1253868000.00,143057,0,572,6.32,509,-5.39,20,509,610,20,1000,591,72,وتجارت,1012,2.95,1012,2.95,20260712,20261111,0,0,1,100,0,1,0,1,0,0,0.00,0.00,0,0,OTM,طجار8026
ضجار6051,OTM,26990,110,1083868000.00,26368672000.00,122323,12.70,40,-25.93,33,-38.89,1722,33,37,1002,1000,1141,9,وتجارت,1012,2.95,1012,2.95,20260826,20260909,399,199,100,10,19800,199,19800,199,0,1,1012000.00,199000.00,1,1,ITM,طجار6051
ضجوا6006,ITM,0,0,0.00,0.00,1888,0,11465,0,11465,0,10,1001,13500,2,1000,18000,16,جوانه كوچك,29475,-0.99,29367,-1.36,20260607,20260916,0,0,1,100,0,1,0,1,0,0,0.00,0.00,0,0,OTM,طجوا6006
ضجوا8004,ITM,0,0,0.00,0.00,0,0,1,0,1,0,22,111,0,0,1000,24000,79,جوانه كوچك,29475,-0.99,29367,-1.36,20260818,20261118,0,0,1,100,0,1,0,1,0,0,0.00,0.00,0,0,OTM,طجوا8004
ضستا7058,ITM,6365,62,4183520000.00,18821305000.00,187279,-0.21,657,-3.67,654,-4.11,38,654,668,159,1000,2400,37,شستا,2956,-2.05,2946,-2.39,20260701,20261007,400,40,25,590,-7.41,25,-11.11,24,0,1992,1557812000.00,12800000.00,7,527,OTM,طستا7058
ضستا7059,ITM,136772,595,68322033000.00,379838478000.00,328247,34.35,500,0.40,490,-1.61,1500,486,500,1000,1000,2600,37,شستا,2956,-2.05,2946,-2.39,20260701,20261007,1192,66,53,500,23.08,64,17.31,61,14.34,80735,55165792000.00,1288632000.00,150,21035,OTM,طستا7059
ضهرم7053,ITM,124,23,4066192000.00,7148391000.00,1287,-1.53,32792,-2.09,32501,-2.96,10,32501,32900,5,1000,26000,51,اهرم,58122,-1.30,57989,-1.53,20260725,20261021,2,200,115,820,-51.06,115,-51.06,115,0,4723,10461960000.00,20700000.00,1,180,OTM,طهرم7053
ضصاد7036,ITM,0,0,0.00,0.00,2297,0,668,0,698,4.49,2,502,750,3,1000,400,44,وبصادر,1045,2.85,1046,2.95,20260613,20261014,0,0,0,0,0,1,0,1,0,0,0.00,0.00,0,0,OTM,طصاد7036
ضمخا9020,ITM,557,3,156460000.00,0.00,130725,0,281,-13.80,281,-13.80,50,270,280,19,1000,900,100,اخابر,1033,-1.15,1014,-2.97,20260815,20261209,0,0,1,100,0,1,0,1,0,0,0.00,0.00,0,0,OTM,طمخا9020
ضمخا9024,OTM,0,0,0.00,0.00,1016,0,127,0,127,0,100,1,0,0,1000,1300,100,اخابر,1033,-1.15,1014,-2.97,20260815,20261209,0,0,1,100,0,1,0,1,0,0,0.00,0.00,0,0,ITM,طمخا9024
ضملي9033,ITM,67,14,855772000.00,1417050000.00,13643,0.12,12773,14.14,12790,14.29,36,12211,12790,33,1000,10000,86,فملي,21150,2.97,21150,2.97,20260808,20261125,0,0,1,100,0,1,0,1,0,0,0.00,0.00,0,0,OTM,طملي9033
ضشنا6037,ITM,1229,20,10521750000.00,15804940000.00,4795,28.97,8561,1.06,8650,2.11,29,8411,8995,100,1000,4260,9,شپنا,12880,2.55,12920,2.87,20260610,20260909,0,0,1,100,0,1,0,1,0,0,0.00,0.00,0,0,OTM,طشنا6037
ضشنا8060,ITM,2950,98,11088431000.00,37996000000.00,50504,-0.80,3759,8.23,3550,2.22,28,3572,3767,10,1000,10260,72,شپنا,12880,2.55,12920,2.87,20260712,20261111,130,400,144,19,-75,100,-75,100,-0.95,1356,167050000.00,1300000.00,1,13,OTM,طشنا8060
ضتاص9015,ITM,0,0,0.00,0.00,2312,0,12500,0,12500,0,0,0,0,0,1000,13000,86,تاصيكو,22180,0,22180,0,20260801,20261125,0,0,0,0,0,1,0,1,0,0,0.00,0.00,0,0,OTM,طتاص9015
ضذوب7044,OTM,13084,47,1185378000.00,7523300000.00,88493,11.92,91,15.19,87,10.13,1891,87,88,213,1000,650,44,ذوب,575,2.86,575,2.86,20260712,20261014,0,0,1,1100,0,1,0,1,0,0,0.00,0.00,0,0,ITM,طذوب7044
ضذوب8033,OTM,12306,66,936677000.00,7075950000.00,109056,10.66,76,11.76,77,13.24,498,74,76,1000,1000,750,72,ذوب,575,2.86,575,2.86,20260815,20261111,0,0,39,55,0,1,0,1,0,0,0.00,0.00,0,0,ITM,طذوب8033
ضهرم7050,ITM,165,34,6335435000.00,9532008000.00,5346,0.43,38397,-1.91,38401,-1.90,1,38402,38950,5,1000,20000,51,اهرم,58122,-1.30,57989,-1.53,20260725,20261021,100,169,84,17,0,97,0,97,0,1417,0.00,0.00,0,0,OTM,طهرم7050
ضهمن9032,ITM,0,0,0.00,0.00,0,0,1,0,1,0,100,1,0,0,1000,2400,107,خبهمن,2722,-2.82,2717,-3.00,20260822,20261216,0,0,1,100,0,1,0,1,0,0,0.00,0.00,0,0,OTM,طهمن9032
ضصاد7044,ITM,33739,156,10335065000.00,30550575000.00,306061,1.94,306,-4.08,287,-10.03,800,288,306,291,1000,800,44,وبصادر,1045,2.85,1046,2.95,20260613,20261014,0,0,1,100,0,1,0,1,0,0,0.00,0.00,0,0,OTM,طصاد7044
ضخود8062,OTM,48481,139,4157468000.00,30288953000.00,340348,2.90,86,3.61,88,6.02,1442,85,87,500,1000,750,58,خودرو,714,-2.19,717,-1.78,20260801,20261028,0,0,55,1000,0,1,0,1,0,0,0.00,0.00,0,0,ITM,طخود8062
ضمخا7096,ITM,0,0,0.00,0.00,2139,0,430,0,430,0,100,100,0,0,1000,503,44,اخابر,1033,-1.15,1014,-2.97,20260613,20261014,0,0,0,0,0,1,0,1,0,0,0.00,0.00,0,0,OTM,طمخا7096
ضملي7064,ITM,12,3,177613050.00,347959800.00,1838,-0.38,10796,2.01,11000,3.94,1,9506,10980,5,1371,10609,30,فملي,21150,2.97,21150,2.97,20260610,20260930,5,200,1,100,0,2,0,2,0,19,0.00,0.00,0,0,OTM,طملي7064
ضملي9035,ITM,0,0,0.00,0.00,325,0,10011,0,10010,-0.01,1,8005,0,0,1000,12000,86,فملي,21150,2.97,21150,2.97,20260808,20261125,0,0,1,100,0,1,0,1,0,0,0.00,0.00,0,0,OTM,طملي9035
ضملي9038,ITM,0,0,0.00,0.00,752,0,8000,0,8001,0.01,10,7500,15000,1,1000,15000,86,فملي,21150,2.97,21150,2.97,20260808,20261125,5,1990,29,99,0,1,0,1,0,0,0.00,0.00,0,0,OTM,طملي9038
ضشنا6041,ITM,0,0,0.00,0.00,982,0,6554,0,6555,0.02,90,5101,6750,13,1000,6260,9,شپنا,12880,2.55,12920,2.87,20260610,20260909,0,0,1,99,0,1,0,1,0,1,0.00,0.00,0,0,OTM,طشنا6041
ضسپا8090,OTM,0,0,0.00,0.00,809,0,79,0,80,1.27,50,62,130,103,1000,800,79,خساپا,696,1.90,695,1.76,20260822,20261118,0,0,25,99,0,1,0,1,0,0,0.00,0.00,0,0,ITM,طسپا8090
ضسپا8091,OTM,0,0,0.00,0.00,1544,0,45,0,45,0,50,61,109,135,1000,900,79,خساپا,696,1.90,695,1.76,20260822,20261118,0,0,11,111,0,1,0,1,0,0,0.00,0.00,0,0,ITM,طسپا8091
ضذوب6016,ITM,512898,1236,106610867000.00,291052350000.00,4974670,-2.90,208,0,207,-0.48,1800,206,208,2000,1000,400,9,ذوب,575,2.86,575,2.86,20260613,20260909,1000,1,0,0,100,2,100,2,-1.28,77977,581900000.00,1524000.00,4,1012,OTM,طذوب6016
ضهرم6042,ITM,1386,45,38953965000.00,80500355000.00,77669,-1.75,28105,-2.87,27999,-3.23,26,26501,28000,199,1000,30000,16,اهرم,58122,-1.30,57989,-1.53,20260620,20260916,300,8,4,508,-66.67,4,-41.67,7,-1.37,194269,179621101000.00,20570000.00,38,3091,OTM,طهرم6042
ضملت7048,OTM,80580,217,5509839000.00,123174660000.00,426940,4.49,68,11.48,72,18.03,2319,71,74,1584,1000,1854,44,وبملت,1555,1.50,1542,0.65,20260718,20261014,0,0,59,39,0,1,0,1,0,0,0.00,0.00,0,0,ITM,طملت7048
ضملت8070,ITM,1733,11,1048514000.00,2488044000.00,6454,-7.00,605,-5.62,601,-6.24,66,601,690,200,1000,1000,72,وبملت,1555,1.50,1542,0.65,20260815,20261111,280,200,2,1000,0,51,0,51,0,310,0.00,0.00,0,0,OTM,طملت8070
ضصاد7035,ITM,0,0,0.00,0.00,3605,0,606,0,606,0,12,618,700,28,1000,380,44,وبصادر,1045,2.85,1046,2.95,20260613,20261014,0,0,0,0,0,1,0,1,0,0,0.00,0.00,0,0,OTM,طصاد7035
ضصاد7042,ITM,27749,144,10816665000.00,28788705000.00,536803,0.33,390,-2.74,368,-8.23,30,367,380,1000,1000,700,44,وبصادر,1045,2.85,1046,2.95,20260613,20261014,100,15,5,100,-20,4,0,5,0,111,0.00,0.00,0,0,OTM,طصاد7042
ضمخا9017,ITM,0,0,0.00,0.00,0,0,1,0,1,0,100,1,0,0,1000,700,100,اخابر,1033,-1.15,1014,-2.97,20260815,20261209,0,0,1,100,0,1,0,1,0,0,0.00,0.00,0,0,OTM,طمخا9017
ضسپا8084,ITM,6454,19,1752472000.00,4105704000.00,48724,10.40,272,3.03,255,-3.41,600,250,279,100,1000,500,79,خساپا,696,1.90,695,1.76,20260822,20261118,0,0,4,244,0,1,0,1,0,0,0.00,0.00,0,0,OTM,طسپا8084
ضراز8011,OTM,0,0,0.00,0.00,0,0,1,0,1,0,100,1,0,0,1000,28000,58,هم تراز,25121,-1.02,25645,1.05,20260627,20261028,0,0,22,99,0,1,0,1,0,0,0.00,0.00,0,0,ITM,طراز8011
ضهرم7061,ITM,88348,2812,673612203000.00,5104215918000.00,183882,3.91,7625,-4.41,7650,-4.10,25,7591,7640,398,1000,56000,51,اهرم,58122,-1.30,57989,-1.53,20260725,20261021,108,4389,4380,70,4.42,4369,4.09,4355,20.61,96186,4366299006000.00,333112119000.00,2081,76492,OTM,طهرم7061
ضصاد7045,ITM,30690,92,6994163000.00,28338310000.00,174771,-7.86,228,-9.16,210,-16.33,847,210,215,118,1000,900,44,وبصادر,1045,2.85,1046,2.95,20260613,20261014,300,99,6,266,0,1,0,1,0,0,0.00,0.00,0,0,OTM,طصاد7045
ضجار8029,ITM,1,1,420000.00,1012000.00,93688,0,420,2.69,420,2.69,20,361,418,500,1000,741,72,وتجارت,1012,2.95,1012,2.95,20260712,20261111,0,0,1,100,0,1,0,1,0,0,0.00,0.00,0,0,OTM,طجار8029
ضخود7133,ITM,1851347,4745,248703987000.00,1296332394000.00,8246994,-1.72,134,-7.59,136,-6.21,2003,135,136,2700,1000,600,30,خودرو,714,-2.19,717,-1.78,20260701,20260930,221197,11,10,757,-9.09,10,0,11,10.08,2489470,573381766000.00,9168121000.00,2368,838088,OTM,طخود7133
ضجوا8000,ITM,0,0,0.00,0.00,0,0,1,0,1,0,20,500,0,0,1000,16000,79,جوانه كوچك,29475,-0.99,29367,-1.36,20260818,20261118,0,0,1,100,0,1,0,1,0,0,0.00,0.00,0,0,OTM,طجوا8000
ضجوا8009,OTM,0,0,0.00,0.00,0,0,1,0,1,0,1100,1,0,0,1000,38000,79,جوانه كوچك,29475,-0.99,29367,-1.36,20260818,20261118,0,0,1,100,0,1,0,1,0,0,0.00,0.00,0,0,ITM,طجوا8009
ضمخا9019,ITM,0,0,0.00,0.00,2058,0,499,0,499,0,1000,6,500,2,1000,800,100,اخابر,1033,-1.15,1014,-2.97,20260815,20261209,0,0,1,100,0,1,0,1,0,0,0.00,0.00,0,0,OTM,طمخا9019
ضتاص9024,OTM,0,0,0.00,0.00,3980,0,2242,0,2923,30.37,0,0,0,0,1000,28000,86,تاصيكو,22180,0,22180,0,20260801,20261125,0,0,0,0,0,1,0,1,0,0,0.00,0.00,0,0,ITM,طتاص9024
ضستا6046,ITM,3492,26,4080224000.00,10198693000.00,33783,-4.90,1168,-1.52,1141,-3.79,57,1141,1182,100,1000,1800,2,شستا,2956,-2.05,2946,-2.39,20260609,20260902,36414,1,0,0,0,1,0,1,0,81640,0.00,0.00,0,0,OTM,طستا6046
ضستا7052,ITM,3004,5,4315766000.00,8882828000.00,4372,219.12,1437,6.05,1498,10.55,109,1385,1495,100,1000,1600,37,شستا,2956,-2.05,2946,-2.39,20260701,20261007,200,59,1,100,0,1,0,1,0,0,0.00,0.00,0,0,OTM,طستا7052
ضستا7060,ITM,358153,1584,122029586000.00,1014939981000.00,1144380,7.70,341,-4.75,333,-6.98,1039,333,339,36,1000,2800,37,شستا,2956,-2.05,2946,-2.39,20260701,20261007,839,116,112,180,6.67,112,3.81,109,2.89,226414,337248807000.00,12697637000.00,545,116903,OTM,طستا7060
ضستا8061,OTM,3391,27,416107000.00,10024230000.00,9412,48.13,123,-12.14,121,-13.57,11,118,121,71,1000,3750,65,شستا,2956,-2.05,2946,-2.39,20260808,20261104,0,0,30,100,0,1,0,1,0,0,0.00,0.00,0,0,ITM,طستا8061
ضهرم7060,ITM,106728,3713,1234304391000.00,6147331452000.00,221303,-0.28,11565,-3.22,11585,-3.05,80,11560,11564,90,1000,50000,51,اهرم,58122,-1.30,57989,-1.53,20260725,20261021,25,2279,2276,11,5.68,2270,4.61,2247,9.11,414585,15598084896000.00,614715961000.00,3983,273604,OTM,طهرم7060
ضملت7042,ITM,76956,404,28886236000.00,116550360000.00,760589,2.00,375,1.90,369,0.27,500,362,369,520,1000,1254,44,وبملت,1555,1.50,1542,0.65,20260718,20261014,1000,27,24,528,-11.11,24,-3.70,26,8.08,41235,13243935000.00,220022000.00,31,8517,OTM,طملت7042
ضملت7045,ITM,174327,534,29725916000.00,267512870000.00,537356,10.20,171,1.79,166,-1.19,1180,165,167,2378,1000,1554,44,وبملت,1555,1.50,1542,0.65,20260718,20261014,96,130,116,500,-2.26,130,-0.75,132,11.23,13769,3214185000.00,272242000.00,10,2067,OTM,طملت7045
ضجار8030,ITM,3921,15,1394694000.00,3968052000.00,387919,0.43,356,-4.81,300,-19.79,650,323,399,2,1000,791,72,وتجارت,1012,2.95,1012,2.95,20260712,20261111,0,0,1,100,0,1,0,1,0,0,0.00,0.00,0,0,OTM,طجار8030
ضخود8060,ITM,60186,162,7908659000.00,41801764000.00,834257,-0.08,131,-2.24,130,-2.99,3983,130,132,1000,1000,650,58,خودرو,714,-2.19,717,-1.78,20260801,20261028,1000,80,20,1000,0,1,0,1,0,0,0.00,0.00,0,0,OTM,طخود8060
ضمخا9013,ITM,0,0,0.00,0.00,27143,0,646,0,714,10.53,50,505,730,12,1000,500,100,اخابر,1033,-1.15,1014,-2.97,20260815,20261209,0,0,1,100,0,1,0,1,0,0,0.00,0.00,0,0,OTM,طمخا9013
ضمخا9022,OTM,0,0,0.00,0.00,0,0,1,0,1,0,1000,20,0,0,1000,1100,100,اخابر,1033,-1.15,1014,-2.97,20260815,20261209,0,0,1,100,0,1,0,1,0,0,0.00,0.00,0,0,ITM,طمخا9022
ضمخا7105,OTM,0,0,0.00,0.00,0,0,1,0,1,0,100,1,0,0,1000,1153,44,اخابر,1033,-1.15,1014,-2.97,20260831,20261014,0,0,11,111,0,1,0,1,0,0,0.00,0.00,0,0,ITM,طمخا7105
ضراز8007,ITM,2,1,13200000.00,49236000.00,15792,0.01,6600,-3.13,6600,-3.13,5,4500,7757,1,1000,20000,58,هم تراز,25121,-1.02,25645,1.05,20260627,20261028,0,0,1,100,0,1,0,1,0,0,0.00,0.00,0,0,OTM,طراز8007
ضراز1004,ITM,0,0,0.00,0.00,0,0,1,0,1,0,100,1,0,0,1000,22000,121,هم تراز,25121,-1.02,25645,1.05,20260829,20261230,0,0,1,100,0,1,0,1,0,0,0.00,0.00,0,0,OTM,طراز1004
ضهمن9037,OTM,0,0,0.00,0.00,0,0,1,0,1,0,100,1,0,0,1000,3500,107,خبهمن,2722,-2.82,2717,-3.00,20260822,20261216,0,0,1,100,0,1,0,1,0,0,0.00,0.00,0,0,ITM,طهمن9037
ضملت8069,ITM,533,11,368805000.00,776444000.00,11569,0,692,-3.22,699,-2.24,1366,699,739,100,1000,900,72,وبملت,1555,1.50,1542,0.65,20260815,20261111,499,20,3,1000,0,8,0,8,0,2166,0.00,0.00,0,0,OTM,طملت8069
ضجار6040,ITM,1303,9,740175000.00,1318636000.00,70149,0.71,568,-6.58,542,-10.86,1000,547,979,500,1000,441,9,وتجارت,1012,2.95,1012,2.95,20260609,20260909,0,0,0,0,0,2,0,2,0,100,0.00,0.00,0,0,OTM,طجار6040
ضخود7135,ITM,3222982,7634,255447065000.00,2263532082000.00,6667239,2.30,79,-3.66,81,-1.22,1612,81,82,19990,1000,700,30,خودرو,714,-2.19,717,-1.78,20260701,20260930,18600,54,53,3160,3.92,53,3.92,53,25.26,1140169,705611894000.00,54029011000.00,2552,1018266,OTM,طخود7135
ضجوا8001,ITM,0,0,0.00,0.00,0,0,1,0,1,0,20,500,0,0,1000,18000,79,جوانه كوچك,29475,-0.99,29367,-1.36,20260818,20261118,0,0,1,100,0,1,0,1,0,0,0.00,0.00,0,0,OTM,طجوا8001
ضجوا8002,ITM,0,0,0.00,0.00,0,0,1,0,1,0,100,100,0,0,1000,20000,79,جوانه كوچك,29475,-0.99,29367,-1.36,20260818,20261118,0,0,1,100,0,1,0,1,0,0,0.00,0.00,0,0,OTM,طجوا8002
ضمخا7099,ITM,1050,8,399620000.00,939906000.00,128278,-0.02,381,-4.99,380,-5.24,1000,300,396,175,1000,653,44,اخابر,1033,-1.15,1014,-2.97,20260613,20261014,0,0,1,100,0,60,0,60,0,1,0.00,0.00,0,0,OTM,طمخا7099
ضمخا7104,OTM,6085,19,754128000.00,5205156000.00,104781,0,124,-1.59,119,-5.56,274,118,119,399,1000,1053,44,اخابر,1033,-1.15,1014,-2.97,20260816,20261014,0,0,1,101,0,1,0,1,0,0,0.00,0.00,0,0,ITM,طمخا7104
ضملي7063,ITM,1,1,17685900.00,28996650.00,1747,0,12900,19.43,12900,19.43,5,10005,12699,11,1371,9880,30,فملي,21150,2.97,21150,2.97,20260610,20260930,0,0,1,100,0,1,0,1,0,0,0.00,0.00,0,0,OTM,طملي7063
ضتاص9019,ITM,0,0,0.00,0.00,1908,0,9404,0,9435,0.33,0,0,0,0,1000,18000,86,تاصيكو,22180,0,22180,0,20260801,20261125,0,0,0,0,0,1,0,1,0,0,0.00,0.00,0,0,OTM,طتاص9019
ضسپا7028,ITM,56020,254,10471513000.00,38741448000.00,288097,8.23,187,8.72,178,3.49,70,177,180,17,1000,550,51,خساپا,696,1.90,695,1.76,20260718,20261021,0,0,4,1026,0,5,0,5,0,0,0.00,0.00,0,0,OTM,طسپا7028
ضستا7055,ITM,0,0,0.00,0.00,550,0,1051,0,1051,0,10,1094,1200,10,1000,1900,37,شستا,2956,-2.05,2946,-2.39,20260701,20261007,1200,115,1,5100,0,1,0,1,0,0,0.00,0.00,0,0,OTM,طستا7055
ضهمن7027,ITM,0,0,0.00,0.00,542,0,1600,0,1600,0,100,120,1897,100,1000,1600,51,خبهمن,2722,-2.82,2717,-3.00,20260818,20261021,0,0,1,100,0,1,0,1,0,0,0.00,0.00,0,0,OTM,طهمن7027
ضهمن9036,OTM,0,0,0.00,0.00,0,0,1,0,1,0,100,1,0,0,1000,3250,107,خبهمن,2722,-2.82,2717,-3.00,20260822,20261216,0,0,1,1100,0,1,0,1,0,0,0.00,0.00,0,0,ITM,طهمن9036
ضملت7044,ITM,409308,1281,91803651000.00,632643975000.00,1099156,16.57,224,1.82,216,-1.82,1012,215,216,1500,1000,1454,44,وبملت,1555,1.50,1542,0.65,20260718,20261014,1000,83,78,20,-2.38,82,-4.76,80,15.94,43916,13214390000.00,675863000.00,69,8498,OTM,طملت7044
ضجار8032,ITM,17923,70,4582220000.00,15911676000.00,186194,4.14,256,-2.29,220,-16.03,1000,221,249,500,1000,991,72,وتجارت,1012,2.95,1012,2.95,20260712,20261111,0,0,1,100,0,1,0,1,0,0,0.00,0.00,0,0,OTM,طجار8032
ضخود9051,ITM,3096,15,706778000.00,2166807000.00,9690,26.67,228,-11.63,228,-11.63,100,224,258,500,1000,550,86,خودرو,714,-2.19,717,-1.78,20260829,20261125,0,0,1,100,0,1,0,1,0,0,0.00,0.00,0,0,OTM,طخود9051
ضملي7067,ITM,69,12,677260290.00,2000768850.00,18252,-0.25,7159,3.95,7200,4.54,5,7200,7390,4,1371,14255,30,فملي,21150,2.97,21150,2.97,20260610,20260930,11,150,8,1188,-10,9,0,10,0,58,0.00,0.00,0,0,OTM,طملي7067
ضشنا8056,ITM,111,10,703510000.00,1429680000.00,11120,-0.29,6338,-8.32,6102,-11.73,2,6207,7300,2,1000,6760,72,شپنا,12880,2.55,12920,2.87,20260712,20261111,0,0,1,100,0,1,0,1,0,0,0.00,0.00,0,0,OTM,طشنا8056
ضتاص7008,ITM,0,0,0.00,0.00,5582,0,9486,0,7906,-16.66,0,0,0,0,1000,15000,30,تاصيكو,22180,0,22180,0,20260610,20260930,0,0,0,0,0,1,0,1,0,0,0.00,0.00,0,0,OTM,طتاص7008
ضتاص7009,ITM,0,0,0.00,0.00,7066,0,8357,0,8000,-4.27,0,0,0,0,1000,16000,30,تاصيكو,22180,0,22180,0,20260610,20260930,0,0,0,0,0,1,0,1,0,0,0.00,0.00,0,0,OTM,طتاص7009
ضسپا6044,ITM,959422,2211,111920517000.00,658934520000.00,4398218,7.86,117,7.34,114,4.59,1500,112,113,259,1000,600,16,خساپا,696,1.90,695,1.76,20260620,20260916,18761,8,6,3189,-25,6,-12.5,7,16.26,143911,30120096000.00,318933000.00,118,43540,OTM,طسپا6044
ضسپا7029,ITM,909217,2522,136985440000.00,626045040000.00,1322237,71.95,151,12.69,140,4.48,1000,140,141,253,1000,600,51,خساپا,696,1.90,695,1.76,20260718,20261021,0,0,4,1020,0,1,0,1,0,0,0.00,0.00,0,0,OTM,طسپا7029
ضستا7053,ITM,6000,6,8280000000.00,17724000000.00,6796,748.44,1380,5.18,1380,5.18,10,1290,1379,20,1000,1700,37,شستا,2956,-2.05,2946,-2.39,20260701,20261007,100,40,0,0,0,1,0,1,0,100,294600000.00,100000.00,1,100,OTM,طستا7053
ضهرم7055,ITM,1098,110,32834304000.00,62133487000.00,5631,19.73,29904,0.97,28557,-3.58,4,28651,29000,2,1000,30000,51,اهرم,58122,-1.30,57989,-1.53,20260725,20261021,1,265,146,5,40,280,16,232,-0.67,2086,13216704000.00,52990000.00,18,228,OTM,طهرم7055
ضهرم8031,OTM,138,27,1006783000.00,8010762000.00,624,8.90,7296,-8.25,7212,-9.31,2,7310,7997,5,1000,62000,79,اهرم,58122,-1.30,57989,-1.53,20260822,20261118,20,10000,4609,5,0,1,0,1,0,0,0.00,0.00,0,0,ITM,طهرم8031
ضهمن9026,ITM,0,0,0.00,0.00,0,0,1,0,1,0,100,101,0,0,1000,1600,107,خبهمن,2722,-2.82,2717,-3.00,20260822,20261216,0,0,1,100,0,1,0,1,0,0,0.00,0.00,0,0,OTM,طهمن9026
ضملت6019,ITM,195374,728,96461785000.00,296317690000.00,2666756,-2.92,494,-1.00,489,-2.00,63,487,489,638,1000,1054,9,وبملت,1555,1.50,1542,0.65,20260613,20260909,44000,1,0,0,0,1,0,1,-4.46,688406,184255296000.00,122521000.00,282,118663,OTM,طملت6019
ضجار6046,ITM,64998,197,19230978000.00,64765976000.00,1732135,-0.24,296,-2.95,276,-9.51,1000,276,278,2000,1000,741,9,وتجارت,1012,2.95,1012,2.95,20260609,20260909,1531,1,0,0,0,1,0,1,-10.88,12032,1486628000.00,1469000.00,5,1469,OTM,طجار6046
ضجار8023,ITM,30,3,20100000.00,20240000.00,58269,-0.05,670,8.24,680,9.85,46,576,650,2,1000,441,72,وتجارت,1012,2.95,1012,2.95,20260712,20261111,0,0,1,100,0,1,0,1,0,0,0.00,0.00,0,0,OTM,طجار8023
ضملي7072,OTM,20674,603,38219797494.00,577352298150.00,189187,0.94,1348,10.04,1450,18.37,1,1452,1471,24,1371,21547,30,فملي,21150,2.97,21150,2.97,20260610,20260930,30,1760,1551,8,-3.96,1551,6.75,1724,1.40,7036,7887088800.00,659478420.00,55,279,ITM,طملي7072
ضشنا6048,ITM,47507,491,41155510000.00,609880880000.00,286122,-0.43,866,-6.28,827,-10.50,200,825,840,200,1000,12260,9,شپنا,12880,2.55,12920,2.87,20260712,20260909,50,473,351,300,-44.87,301,-12.09,480,0,1811,4495120000.00,167638000.00,5,349,OTM,طشنا6048
ضتاص7006,ITM,0,0,0.00,0.00,324,0,9200,0,9200,0,0,0,0,0,1000,13000,30,تاصيكو,22180,0,22180,0,20260610,20260930,0,0,0,0,0,1,0,1,0,0,0.00,0.00,0,0,OTM,طتاص7006
ضتاص7010,ITM,0,0,0.00,0.00,6041,0,5878,0,5444,-7.38,0,0,0,0,1000,18000,30,تاصيكو,22180,0,22180,0,20260610,20260930,0,0,0,0,0,1,0,1,0,0,0.00,0.00,0,0,OTM,طتاص7010
ضسپا8088,OTM,1,1,300000.00,695000.00,2034,0,300,109.79,300,109.79,30,102,279,100,1000,700,79,خساپا,696,1.90,695,1.76,20260822,20261118,0,0,8,188,0,1,0,1,0,0,0.00,0.00,0,0,ITM,طسپا8088
ضستا6041,ITM,94,3,153408000.00,277676000.00,4243,-2.17,1632,-3.94,1632,-3.94,60,1640,1678,10,1000,1300,2,شستا,2956,-2.05,2946,-2.39,20260609,20260902,1000,1,0,0,0,2,0,2,0,1985,0.00,0.00,0,0,OTM,طستا6041
ضذوب7034,ITM,804,12,272961000.00,462300000.00,69321,1.05,340,0.29,343,1.18,12,321,339,50,1000,300,44,ذوب,575,2.86,575,2.86,20260712,20261014,88,4,1,4000,0,4,0,4,0,8494,0.00,0.00,0,0,OTM,طذوب7034
ضذوب8031,OTM,0,0,0.00,0.00,1105,0,107,0,128,19.63,100,125,148,100,1000,650,72,ذوب,575,2.86,575,2.86,20260815,20261111,0,0,15,99,0,1,0,1,0,0,0.00,0.00,0,0,ITM,طذوب8031
ضهرم8026,ITM,0,0,0.00,0.00,203,0,25438,0,25100,-1.33,1,22201,25037,3,1000,38000,79,اهرم,58122,-1.30,57989,-1.53,20260822,20261118,5,3990,233,30,0,1,0,1,0,0,0.00,0.00,0,0,OTM,طهرم8026
ضهمن9027,ITM,0,0,0.00,0.00,0,0,1,0,1,0,100,100,0,0,1000,1700,107,خبهمن,2722,-2.82,2717,-3.00,20260822,20261216,0,0,1,100,0,1,0,1,0,0,0.00,0.00,0,0,OTM,طهمن9027
ضجار6039,ITM,1337,14,853604000.00,1353044000.00,59290,1.65,638,-2.89,630,-4.11,8,612,643,30,1000,391,9,وتجارت,1012,2.95,1012,2.95,20260609,20260909,7,10,0,0,0,7,0,7,0,3015,0.00,0.00,0,0,OTM,طجار6039
ضجار6045,ITM,25860,75,8809284000.00,23995532000.00,1759718,0.15,341,-2.85,325,-7.41,349,325,330,923,1000,691,9,وتجارت,1012,2.95,1012,2.95,20260609,20260909,2000,1,0,0,200,9,0,3,0,13670,0.00,0.00,0,0,OTM,طجار6045
ضمخا7100,ITM,1577,17,550349000.00,1329724000.00,448238,-0.08,349,-3.32,333,-7.76,151,321,333,259,1000,703,44,اخابر,1033,-1.15,1014,-2.97,20260613,20261014,0,0,1,100,0,1,0,1,0,0,0.00,0.00,0,0,OTM,طمخا7100
ضملي7066,ITM,94,9,1103209425.00,2725685100.00,7249,-0.51,8560,1.94,8699,3.60,50,8600,8990,38,1371,12797,30,فملي,21150,2.97,21150,2.97,20260610,20260930,0,0,5,1000,22.22,11,0,9,0,2639,0.00,0.00,0,0,OTM,طملي7066
ضراز8003,ITM,0,0,0.00,0.00,49,0,12300,0,12300,0,222,11,0,0,1000,14000,58,هم تراز,25121,-1.02,25645,1.05,20260627,20261028,0,0,1,100,0,1,0,1,0,0,0.00,0.00,0,0,OTM,طراز8003
ضهمن7034,ITM,0,0,0.00,0.00,1296,0,650,0,650,0,20,163,650,1000,1000,2600,51,خبهمن,2722,-2.82,2717,-3.00,20260818,20261021,0,0,6,266,0,1,0,1,0,0,0.00,0.00,0,0,OTM,طهمن7034
ضهمن7035,OTM,0,0,0.00,0.00,150,0,500,0,500,0,1000,151,510,1000,1000,2800,51,خبهمن,2722,-2.82,2717,-3.00,20260818,20261021,0,0,1,100,0,1,0,1,0,0,0.00,0.00,0,0,ITM,طهمن7035
ضملت6017,ITM,2460,21,1669409000.00,3018640000.00,79145,-1.56,679,-2.86,687,-1.72,480,687,698,500,1000,854,9,وبملت,1555,1.50,1542,0.65,20260613,20260909,4000,1,0,0,-75,1,-75,1,0,22281,622000000.00,400000.00,1,400,OTM,طملت6017
ضصاد9047,OTM,12,10,1863000.00,12540000.00,118,6.31,155,18.32,133,1.53,1,133,189,153,1000,1300,100,وبصادر,1045,2.85,1046,2.95,20260815,20261209,0,0,1,100,0,1,0,1,0,0,0.00,0.00,0,0,ITM,طصاد9047
ضخود7127,ITM,135,5,50544000.00,96255000.00,2968,1.54,374,-0.80,376,-0.27,113,360,380,30,1000,360,30,خودرو,714,-2.19,717,-1.78,20260701,20260930,1799,3,1,16005,50,3,50,3,0.81,24887,143313000.00,603000.00,2,201,OTM,طخود7127
ضملي9039,ITM,0,0,0.00,0.00,1981,0,6195,0,7606,22.78,33,6009,7500,12,1000,16000,86,فملي,21150,2.97,21150,2.97,20260808,20261125,5,2990,210,1,0,4890,0,4890,0,1,0.00,0.00,0,0,OTM,طملي9039
ضشنا8065,OTM,54,4,64054000.00,695520000.00,472,0.21,1186,22.02,1187,22.12,13,1000,1187,106,1000,15260,72,شپنا,12880,2.55,12920,2.87,20260712,20261111,0,0,100,1000,0,1,0,1,0,0,0.00,0.00,0,0,ITM,طشنا8065
ضستا7051,ITM,2241,13,3406389000.00,6259900000.00,3598,49.79,1520,2.43,1540,3.77,10,1482,1539,15,1000,1500,37,شستا,2956,-2.05,2946,-2.39,20260701,20261007,100,29,1,200,0,2,0,2,0,1000,0.00,0.00,0,0,OTM,طستا7051
ضستا8060,OTM,0,0,0.00,0.00,875,0,230,0,260,13.04,10,101,250,2,1000,3500,65,شستا,2956,-2.05,2946,-2.39,20260808,20261104,0,0,111,22,0,1,0,1,0,0,0.00,0.00,0,0,ITM,طستا8060
ضهرم6045,ITM,3749,144,61016096000.00,203372377000.00,200989,-1.71,16275,-5.98,16110,-6.93,572,16110,16148,10,1000,42000,16,اهرم,58122,-1.30,57989,-1.53,20260620,20260916,50,99,81,973,-50,85,-48.82,87,-3.31,393693,918459646000.00,1382062000.00,101,15807,OTM,طهرم6045
ضهمن7036,OTM,0,0,0.00,0.00,0,0,1,0,1,0,111,11,250,1000,1000,3000,51,خبهمن,2722,-2.82,2717,-3.00,20260818,20261021,0,0,1,100,0,1,0,1,0,0,0.00,0.00,0,0,ITM,طهمن7036
ضهمن7037,OTM,0,0,0.00,0.00,184,0,150,0,150,0,1000,3,160,1000,1000,3250,51,خبهمن,2722,-2.82,2717,-3.00,20260818,20261021,0,0,2,1000,0,1,0,1,0,0,0.00,0.00,0,0,ITM,طهمن7037
ضملت7043,ITM,52497,234,15315486000.00,81356045000.00,412038,3.36,292,2.10,293,2.45,4258,292,296,210,1000,1354,44,وبملت,1555,1.50,1542,0.65,20260718,20261014,160,48,42,1500,4.35,48,-2.17,45,-0.09,11206,4433305000.00,128938000.00,9,2851,OTM,طملت7043
ضصاد9037,ITM,0,0,0.00,0.00,0,0,1,0,1,0,100,516,780,1000,1000,550,100,وبصادر,1045,2.85,1046,2.95,20260815,20261209,0,0,1,100,0,1,0,1,0,0,0.00,0.00,0,0,OTM,طصاد9037
ضصاد9039,ITM,0,0,0.00,0.00,273,0,385,0,385,0,5,375,699,100,1000,650,100,وبصادر,1045,2.85,1046,2.95,20260815,20261209,0,0,1,100,0,1,0,1,0,0,0.00,0.00,0,0,OTM,طصاد9039
ضجار8031,ITM,2708,25,869969000.00,2740496000.00,174294,-0.01,321,1.90,233,-26.03,200,244,334,2,1000,891,72,وتجارت,1012,2.95,1012,2.95,20260712,20261111,0,0,1,100,0,1,0,1,0,0,0.00,0.00,0,0,OTM,طجار8031
ضملي9037,ITM,1,1,10000000.00,21150000.00,2283,0.04,10000,11.11,10000,11.11,5,7105,10000,1,1000,14000,86,فملي,21150,2.97,21150,2.97,20260808,20261125,10,1650,19,99,0,1,0,1,0,0,0.00,0.00,0,0,OTM,طملي9037
ضتاص7000,ITM,0,0,0.00,0.00,2403,0,15582,0,15000,-3.74,0,0,0,0,1000,7500,30,تاصيكو,22180,0,22180,0,20260610,20260930,0,0,0,0,0,1,0,1,0,0,0.00,0.00,0,0,OTM,طتاص7000
ضسپا7022,ITM,0,0,0.00,0.00,1243,0,375,0,375,0,100,100,0,0,1000,340,51,خساپا,696,1.90,695,1.76,20260718,20261021,0,0,1,100,0,1,0,1,0,0,0.00,0.00,0,0,OTM,طسپا7022
ضسپا8081,ITM,0,0,0.00,0.00,2686,0,329,0,325,-1.22,108,306,480,10,1000,380,79,خساپا,696,1.90,695,1.76,20260822,20261118,0,0,1,100,0,1,0,1,0,0,0.00,0.00,0,0,OTM,طسپا8081
ضراز8010,OTM,1883,11,3785700000.00,38995622000.00,4383,56.54,2010,-19.60,2095,-16.20,54,1839,0,0,1000,26000,58,هم تراز,25121,-1.02,25645,1.05,20260627,20261028,1000,3030,15,99,0,1,0,1,0,0,0.00,0.00,0,0,ITM,طراز8010
ضذوب8028,ITM,7722,64,1592225000.00,4382650000.00,32914,13.56,206,3.52,198,-0.50,100,197,209,604,1000,500,72,ذوب,575,2.86,575,2.86,20260815,20261111,0,0,4,244,0,1,0,1,0,0,0.00,0.00,0,0,OTM,طذوب8028
ضذوب6018,ITM,791349,1722,93457193000.00,442640750000.00,3577291,4.47,118,1.72,113,-2.59,390,112,113,1061,1000,500,9,ذوب,575,2.86,575,2.86,20260613,20260909,20361,2,1,156483,-50,1,0,2,10.62,505342,50751225000.00,158157000.00,229,89972,OTM,طذوب6018
ضذوب7040,ITM,331441,835,64102208000.00,186248250000.00,917651,17.71,193,-1.53,187,-4.59,250,187,189,2936,1000,450,44,ذوب,575,2.86,575,2.86,20260712,20261014,0,0,1,1320,0,1,0,1,0,0,0.00,0.00,0,0,OTM,طذوب7040
ضذوب8030,OTM,15820,67,2458141000.00,9096500000.00,19131,343.36,155,-5.49,163,-0.61,110,157,162,1000,1000,600,72,ذوب,575,2.86,575,2.86,20260815,20261111,0,0,8,188,0,1,0,1,0,0,0.00,0.00,0,0,ITM,طذوب8030
ضملت6018,ITM,13491,55,7959928000.00,20991996000.00,208562,0.25,590,-1.67,587,-2.17,100,586,594,750,1000,954,9,وبملت,1555,1.50,1542,0.65,20260613,20260909,30966,1,0,0,0,1,0,1,0,286947,20280904000.00,13034000.00,14,13034,OTM,طملت6018
ضصاد7043,ITM,12725,73,4362579000.00,13110570000.00,411983,-0.10,343,-4.19,326,-8.94,502,326,333,500,1000,750,44,وبصادر,1045,2.85,1046,2.95,20260613,20261014,0,0,1,100,0,1,0,1,0,0,0.00,0.00,0,0,OTM,طصاد7043
ضخود9053,ITM,132,2,33528000.00,94116000.00,1132,13.20,254,0.79,254,0.79,500,117,254,868,1000,650,86,خودرو,714,-2.19,717,-1.78,20260829,20261125,0,0,1,100,0,1,0,1,0,0,0.00,0.00,0,0,OTM,طخود9053
ضجوا8006,ITM,0,0,0.00,0.00,0,0,1,0,1,0,111,11,0,0,1000,28000,79,جوانه كوچك,29475,-0.99,29367,-1.36,20260818,20261118,0,0,1,100,0,1,0,1,0,0,0.00,0.00,0,0,OTM,طجوا8006
ضجوا6013,OTM,0,0,0.00,0.00,0,0,1,0,1,0,100,1,0,0,1000,34000,16,جوانه كوچك,29475,-0.99,29367,-1.36,20260826,20260916,0,0,29,99,0,1,0,1,0,0,0.00,0.00,0,0,ITM,طجوا6013
ضمخا7101,ITM,353,4,111250000.00,52200000.00,471883,0.02,315,-1.25,257,-19.44,1100,260,299,342,1000,753,44,اخابر,1033,-1.15,1014,-2.97,20260613,20261014,0,0,1,100,0,1,0,1,0,0,0.00,0.00,0,0,OTM,طمخا7101
ضشنا8062,ITM,506,29,1325270000.00,6517280000.00,5736,5.60,2619,3.97,2400,-4.72,268,2301,2799,20,1000,12260,72,شپنا,12880,2.55,12920,2.87,20260712,20261111,0,0,44,44,0,1,0,1,0,0,0.00,0.00,0,0,OTM,طشنا8062
ضستا6040,ITM,549,10,960978000.00,1623393000.00,15272,-1.86,1750,-2.89,1734,-3.77,104,1734,1780,70,1000,1200,2,شستا,2956,-2.05,2946,-2.39,20260609,20260902,15628,1,0,0,0,1,0,1,0,186363,0.00,0.00,0,0,OTM,طستا6040
ضستا6044,ITM,7635,20,10513310000.00,22553790000.00,28923,-15.38,1377,-0.65,1380,-0.43,23,1334,1380,2,1000,1600,2,شستا,2956,-2.05,2946,-2.39,20260609,20260902,1815,1,0,0,0,1,0,1,0,4322,0.00,0.00,0,0,OTM,طستا6044
ضستا7061,OTM,204419,861,47662831000.00,598150831000.00,814857,7.01,233,-6.80,223,-10.80,693,223,226,157,1000,3000,37,شستا,2956,-2.05,2946,-2.39,20260701,20261007,455,288,186,500,53.85,300,1.54,198,246.14,7172,18229905000.00,1220940000.00,13,6165,ITM,طستا7061
ضستا8056,ITM,20,1,13500000.00,59140000.00,4571,0,675,-3.16,675,-3.16,199,500,675,80,1000,2600,65,شستا,2956,-2.05,2946,-2.39,20260808,20261104,0,0,21,25,0,1,0,1,0,0,0.00,0.00,0,0,OTM,طستا8056
ضشنا6036,ITM,2014,41,18260390000.00,25940320000.00,14556,12.69,9067,1.07,9000,0.32,3,8850,9290,20,1000,3760,9,شپنا,12880,2.55,12920,2.87,20260610,20260909,918,5,4,100,-28.57,5,-28.57,5,0.16,49959,1648640000.00,668000.00,4,128,OTM,طشنا6036
ضشنا6050,OTM,78258,228,7876300000.00,1007679680000.00,448339,-3.00,101,3.06,92,-6.12,100,93,95,600,1000,14260,9,شپنا,12880,2.55,12920,2.87,20260712,20260909,39,2500,1296,10,-50.19,1295,-50.19,1295,523.68,237,2572000000.00,259000000.00,6,200,ITM,طشنا6050
ضتاص7002,ITM,0,0,0.00,0.00,260,0,11399,0,12500,9.66,0,0,0,0,1000,9000,30,تاصيكو,22180,0,22180,0,20260610,20260930,0,0,0,0,0,1,0,1,0,0,0.00,0.00,0,0,OTM,طتاص7002
ضتاص9022,OTM,0,0,0.00,0.00,132,0,8170,0,8170,0,0,0,0,0,1000,24000,86,تاصيكو,22180,0,22180,0,20260801,20261125,0,0,0,0,0,1,0,1,0,0,0.00,0.00,0,0,ITM,طتاص9022
ضسپا7032,OTM,600,2,45700000.00,417000000.00,14398,0,76,2.70,76,2.70,200,73,96,641,1000,750,51,خساپا,696,1.90,695,1.76,20260718,20261021,0,0,30,2200,0,1,0,1,0,0,0.00,0.00,0,0,ITM,طسپا7032
ضراز8004,ITM,0,0,0.00,0.00,153,0,9869,0,9869,0,222,11,0,0,1000,15000,58,هم تراز,25121,-1.02,25645,1.05,20260627,20261028,0,0,1,100,0,3,0,3,0,5,0.00,0.00,0,0,OTM,طراز8004
ضذوب7043,OTM,86586,273,9547943000.00,47499600000.00,233329,35.31,110,3.77,106,0,619,106,107,250,1000,600,44,ذوب,575,2.86,575,2.86,20260712,20261014,0,0,15,3740,0,1,0,1,0,0,0.00,0.00,0,0,ITM,طذوب7043
ضستا8057,ITM,1,1,540000.00,2957000.00,8390,0,540,-1.46,540,-1.46,20,435,538,100,1000,2800,65,شستا,2956,-2.05,2946,-2.39,20260808,20261104,0,0,6,1000,0,499,0,499,0,200,0.00,0.00,0,0,OTM,طستا8057
ضذوب6017,ITM,584272,1289,94229378000.00,329631400000.00,5719878,-0.07,161,0.62,156,-2.50,4015,156,158,3617,1000,450,9,ذوب,575,2.86,575,2.86,20260613,20260909,2502,1,0,0,0,1,0,1,0.25,200871,2877300000.00,5503000.00,14,5502,OTM,طذوب6017
ضهرم6049,OTM,12385,210,24583425000.00,711413280000.00,389791,-3.04,1985,-12.75,1880,-17.36,105,1880,1950,238,1000,62000,16,اهرم,58122,-1.30,57989,-1.53,20260620,20260916,30,5785,5400,43,16.73,5400,8.71,5029,-4.13,24145,60389797000.00,5411155000.00,39,1076,ITM,طهرم6049
ضهرم6051,OTM,11083,87,2963013000.00,636381150000.00,344552,-3.08,267,-24.15,221,-37.22,112,221,271,469,1000,74000,16,اهرم,58122,-1.30,57989,-1.53,20260620,20260916,40,16000,11000,37,2.53,15000,0,14630,0,842,0.00,0.00,0,0,ITM,طهرم6051
ضهرم7059,ITM,27659,1467,407045569000.00,1594518948000.00,121911,0.75,14717,-4.06,14555,-5.12,40,14555,14730,1,1000,46000,51,اهرم,58122,-1.30,57989,-1.53,20260725,20261021,49,1470,1440,50,2.73,1465,0.14,1428,2.11,72199,852882228000.00,21162418000.00,742,14823,OTM,طهرم7059
ضصاد7037,ITM,0,0,0.00,0.00,5837,0,593,0,651,9.78,10,500,800,1,1000,450,44,وبصادر,1045,2.85,1046,2.95,20260613,20261014,0,0,0,0,0,1,0,1,0,0,0.00,0.00,0,0,OTM,طصاد7037
ضصاد9036,ITM,0,0,0.00,0.00,9242,0,745,0,745,0,1,500,815,1000,1000,500,100,وبصادر,1045,2.85,1046,2.95,20260815,20261209,0,0,1,100,0,1,0,1,0,0,0.00,0.00,0,0,OTM,طصاد9036
ضخود9052,ITM,10,1,1800000.00,7130000.00,200,5.26,180,-38.57,180,-38.57,700,181,330,1000,1000,600,86,خودرو,714,-2.19,717,-1.78,20260829,20261125,0,0,1,100,0,1,0,1,0,0,0.00,0.00,0,0,OTM,طخود9052
ضمخا9023,OTM,0,0,0.00,0.00,0,0,1,0,1,0,103,1,0,0,1000,1200,100,اخابر,1033,-1.15,1014,-2.97,20260815,20261209,0,0,1,100,0,1,0,1,0,0,0.00,0.00,0,0,ITM,طمخا9023
ضملي9042,OTM,20,1,67000000.00,423000000.00,3216,0.63,3350,13.56,3350,13.56,14,2610,3449,10,1000,22000,86,فملي,21150,2.97,21150,2.97,20260808,20261125,0,0,1,100,0,1,0,1,0,0,0.00,0.00,0,0,ITM,طملي9042
ضسپا6043,ITM,235075,579,36928646000.00,162220200000.00,3071070,0.74,157,5.37,152,2.01,30,153,155,2373,1000,550,16,خساپا,696,1.90,695,1.76,20260620,20260916,4000,3,2,21,-33.33,2,-66.67,1,16.41,93591,12118020000.00,20515000.00,45,18415,OTM,طسپا6043
ضستا8059,OTM,4249,14,1067648000.00,11233643000.00,4694,14.66,251,-2.71,252,-2.33,800,252,324,20,1000,3250,65,شستا,2956,-2.05,2946,-2.39,20260808,20261104,0,0,44,44,0,1,0,1,0,0,0.00,0.00,0,0,ITM,طستا8059
ضذوب8024,ITM,0,0,0.00,0.00,0,0,1,0,1,0,100,225,0,0,1000,360,72,ذوب,575,2.86,575,2.86,20260815,20261111,0,0,1,100,0,1,0,1,0,0,0.00,0.00,0,0,OTM,طذوب8024
ضستا8052,ITM,0,0,0.00,0.00,257,0,1250,0,1250,0,10,1145,1449,50,1000,1900,65,شستا,2956,-2.05,2946,-2.39,20260808,20261104,300,99,5,2,0,145,0,145,0,2,0.00,0.00,0,0,OTM,طستا8052
ضراز8001,ITM,0,0,0.00,0.00,28,0,12612,0,12612,0,20,500,0,0,1000,12000,58,هم تراز,25121,-1.02,25645,1.05,20260627,20261028,0,0,1,100,0,1,0,1,0,0,0.00,0.00,0,0,OTM,طراز8001
ضراز1006,OTM,0,0,0.00,0.00,0,0,1,0,1,0,100,1,0,0,1000,26000,121,هم تراز,25121,-1.02,25645,1.05,20260829,20261230,0,0,1,100,0,1,0,1,0,0,0.00,0.00,0,0,ITM,طراز1006
ضذوب8022,ITM,0,0,0.00,0.00,1,0,300,0,300,0,70,279,0,0,1000,320,72,ذوب,575,2.86,575,2.86,20260815,20261111,0,0,1,100,0,1,0,1,0,0,0.00,0.00,0,0,OTM,طذوب8022
ضذوب8025,ITM,0,0,0.00,0.00,448,0,200,0,200,0,358,211,0,0,1000,380,72,ذوب,575,2.86,575,2.86,20260815,20261111,0,0,2,25,0,1,0,1,0,0,0.00,0.00,0,0,OTM,طذوب8025
ضهرم6048,ITM,8777,185,38985575000.00,485501419000.00,228678,-3.56,4442,-13.09,4215,-17.53,20,4215,4590,10,1000,56000,16,اهرم,58122,-1.30,57989,-1.53,20260620,20260916,21,1840,1720,300,-1.60,1720,-2.40,1706,-5.59,184065,633529800000.00,19111501000.00,164,11202,OTM,طهرم6048
ضهمن7028,ITM,0,0,0.00,0.00,0,0,1,0,1,0,100,100,0,0,1000,1700,51,خبهمن,2722,-2.82,2717,-3.00,20260818,20261021,0,0,1,100,0,1,0,1,0,0,0.00,0.00,0,0,OTM,طهمن7028
ضهمن9030,ITM,0,0,0.00,0.00,0,0,1,0,1,0,100,100,0,0,1000,2000,107,خبهمن,2722,-2.82,2717,-3.00,20260822,20261216,0,0,1,100,0,1,0,1,0,0,0.00,0.00,0,0,OTM,طهمن9030
ضملي9043,OTM,431,41,971235000.00,7444800000.00,9235,0.88,2253,4.64,2200,2.18,5,2201,2250,60,1000,24000,86,فملي,21150,2.97,21150,2.97,20260808,20261125,0,0,1,100,0,1,0,1,0,0,0.00,0.00,0,0,ITM,طملي9043
ضشنا8057,ITM,0,0,0.00,0.00,2495,0,7299,0,7299,0,10,4610,7297,5,1000,7260,72,شپنا,12880,2.55,12920,2.87,20260712,20261111,0,0,1,114,0,105,0,105,0,14,0.00,0.00,0,0,OTM,طشنا8057
ضسپا6047,OTM,400669,762,15030287000.00,274649256000.00,961441,28.04,38,26.67,36,20.0,9174,35,37,4118,1000,750,16,خساپا,696,1.90,695,1.76,20260620,20260916,0,0,25,3860,0,1,0,1,0,0,0.00,0.00,0,0,ITM,طسپا6047
ضستا6045,ITM,4845,12,6115698000.00,14326665000.00,52510,-3.69,1262,-3.52,1280,-2.14,167,1235,1283,100,1000,1700,2,شستا,2956,-2.05,2946,-2.39,20260609,20260902,4000,1,0,0,0,1,0,1,0,38824,0.00,0.00,0,0,OTM,طستا6045
ضراز8009,ITM,1026,11,3479965000.00,23620650000.00,4476,26.62,3392,-10.00,3590,-4.75,100,3150,3590,216,1000,24000,58,هم تراز,25121,-1.02,25645,1.05,20260627,20261028,1000,1810,22,99,6.12,1820,0,1715,0,1002,0.00,0.00,0,0,OTM,طراز8009
ضذوب6019,ITM,867396,1979,67447509000.00,497534850000.00,3466949,6.64,78,-1.27,72,-8.86,2000,71,72,1882,1000,550,9,ذوب,575,2.86,575,2.86,20260613,20260909,3163,7,6,16798,-30,7,-30,7,17.35,287379,72405150000.00,966355000.00,263,132758,OTM,طذوب6019
ضراز1007,OTM,0,0,0.00,0.00,0,0,1,0,1,0,100,1,0,0,1000,28000,121,هم تراز,25121,-1.02,25645,1.05,20260829,20261230,0,0,1,100,0,1,0,1,0,0,0.00,0.00,0,0,ITM,طراز1007
ضستا6042,ITM,2042,7,3144682000.00,6032068000.00,16126,-11.20,1540,-3.87,1540,-3.87,1017,1540,1585,100,1000,1400,2,شستا,2956,-2.05,2946,-2.39,20260609,20260902,1003,1,0,0,0,1,0,1,0,26147,0.00,0.00,0,0,OTM,طستا6042
ضذوب6021,OTM,2582253,5306,38435557000.00,1467059600000.00,8894992,5.69,15,7.14,14,0,10368,13,14,90736,1000,650,9,ذوب,575,2.86,575,2.86,20260613,20260909,50,63,39,1000,-8.16,45,-4.08,47,0.02,4684,1150000.00,95000.00,2,2,ITM,طذوب6021
ضراز1003,ITM,0,0,0.00,0.00,0,0,1,0,1,0,100,1,0,0,1000,20000,121,هم تراز,25121,-1.02,25645,1.05,20260829,20261230,0,0,1,100,0,1,0,1,0,0,0.00,0.00,0,0,OTM,طراز1003
ضسپا6050,OTM,10542,21,22088000.00,7326690000.00,175781,5.10,2,0,2,0,10003,1,2,3000,1000,1000,16,خساپا,696,1.90,695,1.76,20260620,20260916,0,0,44,44,0,1,0,1,0,0,0.00,0.00,0,0,ITM,طسپا6050
ضسپا7023,ITM,0,0,0.00,0.00,609,0,320,0,320,0,100,100,0,0,1000,360,51,خساپا,696,1.90,695,1.76,20260718,20261021,0,0,1,100,0,1,0,1,0,0,0.00,0.00,0,0,OTM,طسپا7023
ضسپا8086,ITM,0,0,0.00,0.00,88,0,200,0,200,0,20,131,400,30,1000,600,79,خساپا,696,1.90,695,1.76,20260822,20261118,0,0,6,266,0,1,0,1,0,0,0.00,0.00,0,0,OTM,طسپا8086
ضستا8051,ITM,0,0,0.00,0.00,1631,0,1220,0,1220,0,79,1258,1400,50,1000,1800,65,شستا,2956,-2.05,2946,-2.39,20260808,20261104,200,69,3,333,0,1,0,1,0,0,0.00,0.00,0,0,OTM,طستا8051
ضراز8000,ITM,0,0,0.00,0.00,171,0,13515,0,13356,-1.18,20,500,0,0,1000,11000,58,هم تراز,25121,-1.02,25645,1.05,20260627,20261028,1,1000,1,100,0,5,0,5,0,1,0.00,0.00,0,0,OTM,طراز8000
ضراز1001,ITM,0,0,0.00,0.00,0,0,1,0,1,0,100,1,0,0,1000,16000,121,هم تراز,25121,-1.02,25645,1.05,20260829,20261230,0,0,1,100,0,1,0,1,0,0,0.00,0.00,0,0,OTM,طراز1001
ضراز1010,OTM,0,0,0.00,0.00,0,0,1,0,1,0,111,11,0,0,1000,38000,121,هم تراز,25121,-1.02,25645,1.05,20260829,20261230,0,0,1,100,0,1,0,1,0,0,0.00,0.00,0,0,ITM,طراز1010
ضسپا6042,ITM,159348,427,31621508000.00,110904120000.00,2618748,-1.15,198,2.06,193,-0.52,997,193,198,5,1000,500,16,خساپا,696,1.90,695,1.76,20260620,20260916,0,0,0,0,0,4,0,4,0,1299,0.00,0.00,0,0,OTM,طسپا6042
ضسپا7027,ITM,20001,55,4330166000.00,13920696000.00,156517,0.11,216,0.93,221,3.27,60,212,221,1854,1000,500,51,خساپا,696,1.90,695,1.76,20260718,20261021,0,0,3,25,0,1,0,1,0,0,0.00,0.00,0,0,OTM,طسپا7027
ضستا6052,ITM,2934994,7301,523179615000.00,8485383544000.00,4448054,-3.01,178,-15.64,172,-18.48,101,171,172,253,1000,2800,2,شستا,2956,-2.05,2946,-2.39,20260609,20260902,151524,7,6,1822,-40,6,-30,7,-5.08,6585145,10615428924000.00,24834021000.00,7645,3632563,OTM,طستا6052
ضستا7056,ITM,112,4,116116000.00,331184000.00,6854,0,1037,-1.80,1010,-4.36,10,1010,1050,25,1000,2000,37,شستا,2956,-2.05,2946,-2.39,20260701,20261007,7000,80,2,100,0,12,0,12,0,305,0.00,0.00,0,0,OTM,طستا7056
ضذوب6011,ITM,5651,44,1764799000.00,3249325000.00,98201,-1.03,312,0,310,-0.64,250,300,310,594,1000,300,9,ذوب,575,2.86,575,2.86,20260613,20260909,1002,1,0,0,0,1,0,1,42.55,10050,1265000000.00,3000000.00,15,3000,OTM,طذوب6011
ضذوب7036,ITM,15,1,4200000.00,8625000.00,301,0,280,3.70,280,3.70,107,285,0,0,1000,340,44,ذوب,575,2.86,575,2.86,20260712,20261014,0,0,1,1000,0,1,0,1,0,0,0.00,0.00,0,0,OTM,طذوب7036
ضهرم8025,ITM,0,0,0.00,0.00,235,0,27738,0,28000,0.94,3,24000,29999,5,1000,34000,79,اهرم,58122,-1.30,57989,-1.53,20260822,20261118,5,1990,500,172,0,1,0,1,0,0,0.00,0.00,0,0,OTM,طهرم8025
ضهمن7039,OTM,0,0,0.00,0.00,18016,0,52,0,54,3.85,1100,35,52,1050,1000,3750,51,خبهمن,2722,-2.82,2717,-3.00,20260818,20261021,0,0,2,1000,0,1,0,1,0,0,0.00,0.00,0,0,ITM,طهمن7039
ضهمن9028,ITM,0,0,0.00,0.00,0,0,1,0,1,0,100,100,0,0,1000,1800,107,خبهمن,2722,-2.82,2717,-3.00,20260822,20261216,0,0,1,100,0,1,0,1,0,0,0.00,0.00,0,0,OTM,طهمن9028
ضملت7036,ITM,792,12,700159000.00,1232352000.00,43902,0,884,1.38,888,1.83,500,850,900,19,1000,704,44,وبملت,1555,1.50,1542,0.65,20260718,20261014,2797,5,3,29,0,4,25,5,21.72,23546,6963100000.00,20831000.00,13,4475,OTM,طملت7036
ضصاد9044,ITM,0,0,0.00,0.00,520,0,298,0,298,0,1000,121,350,50,1000,1000,100,وبصادر,1045,2.85,1046,2.95,20260815,20261209,0,0,1,100,0,1,0,1,0,0,0.00,0.00,0,0,OTM,طصاد9044
ضخود7136,OTM,1556939,3962,91386819000.00,1084925142000.00,5942566,13.52,59,-3.28,59,-3.28,21180,59,60,11550,1000,750,30,خودرو,714,-2.19,717,-1.78,20260701,20260930,698,83,82,400,-1.23,80,4.94,85,41.83,164155,142724775000.00,17245919000.00,522,203022,ITM,طخود7136
ضخود7137,OTM,1699481,3927,66997745000.00,1186444834000.00,4478137,16.73,39,-9.30,40,-6.98,2226,40,41,15174,1000,800,30,خودرو,714,-2.19,717,-1.78,20260701,20260930,200,119,115,1075,12.15,120,11.21,119,149.99,33506,21910490000.00,3678642000.00,143,30930,ITM,طخود7137
ضخود9059,OTM,0,0,0.00,0.00,0,0,1,0,1,0,99,25,119,100,1000,1100,86,خودرو,714,-2.19,717,-1.78,20260829,20261125,0,0,1,100,0,1,0,1,0,0,0.00,0.00,0,0,ITM,طخود9059
ضجوا6009,ITM,207,3,1252836000.00,6110847000.00,2547,5.77,6052,-5.44,6004,-6.19,178,5807,6044,198,1000,24000,16,جوانه كوچك,29475,-0.99,29367,-1.36,20260607,20260916,0,0,1,100,0,1,0,1,0,0,0.00,0.00,0,0,OTM,طجوا6009
ضمخا9018,ITM,0,0,0.00,0.00,0,0,1,0,1,0,100,1,0,0,1000,750,100,اخابر,1033,-1.15,1014,-2.97,20260815,20261209,0,0,1,100,0,1,0,1,0,0,0.00,0.00,0,0,OTM,طمخا9018
ضشنا8061,ITM,4236,102,13025048000.00,50373680000.00,33436,9.31,3075,-0.13,3040,-1.27,100,3041,3184,20,1000,11260,72,شپنا,12880,2.55,12920,2.87,20260712,20261111,0,0,100,26,0,1,0,1,0,0,0.00,0.00,0,0,OTM,طشنا8061
ضتاص9017,ITM,0,0,0.00,0.00,335,0,7903,0,7903,0,0,0,0,0,1000,15000,86,تاصيكو,22180,0,22180,0,20260801,20261125,0,0,0,0,0,1,0,1,0,0,0.00,0.00,0,0,OTM,طتاص9017
ضتاص9018,ITM,0,0,0.00,0.00,0,0,1,0,1,0,0,0,0,0,1000,16000,86,تاصيكو,22180,0,22180,0,20260801,20261125,0,0,0,0,0,1,0,1,0,0,0.00,0.00,0,0,OTM,طتاص9018
ضسپا8089,OTM,0,0,0.00,0.00,0,0,1,0,1,0,200,60,0,0,1000,750,79,خساپا,696,1.90,695,1.76,20260822,20261118,0,0,15,99,0,1,0,1,0,0,0.00,0.00,0,0,ITM,طسپا8089
ضستا6043,ITM,2232,6,3217898000.00,6577704000.00,19287,-9.34,1442,-3.99,1450,-3.46,202,1432,1484,14,1000,1500,2,شستا,2956,-2.05,2946,-2.39,20260609,20260902,1000,1,0,0,0,1,0,1,0,650,0.00,0.00,0,0,OTM,طستا6043
ضذوب7041,ITM,318917,954,51728129000.00,180186600000.00,806787,33.77,162,1.89,155,-2.52,34,155,156,1100,1000,500,44,ذوب,575,2.86,575,2.86,20260712,20261014,0,0,3,2200,0,38,0,38,0,1,0.00,0.00,0,0,OTM,طذوب7041
ضجار6047,ITM,77256,206,18812051000.00,72556352000.00,2310283,-0.64,244,-5.43,238,-7.75,1000,231,239,796,1000,791,9,وتجارت,1012,2.95,1012,2.95,20260609,20260909,410,7,1,2646,-50,1,-50,1,-3.39,35281,1253868000.00,1239000.00,4,1239,OTM,طجار6047
ضجوا6002,ITM,0,0,0.00,0.00,0,0,1,0,1,0,10,1001,0,0,1000,13000,16,جوانه كوچك,29475,-0.99,29367,-1.36,20260607,20260916,0,0,0,0,0,1,0,1,0,0,0.00,0.00,0,0,OTM,طجوا6002
ضجوا6004,ITM,0,0,0.00,0.00,0,0,1,0,1,0,10,1001,0,0,1000,15000,16,جوانه كوچك,29475,-0.99,29367,-1.36,20260607,20260916,0,0,1,100,0,6,0,6,0,12,0.00,0.00,0,0,OTM,طجوا6004
ضمخا7091,ITM,110,1,84700000.00,116380000.00,282,0,770,4.48,770,4.48,200,620,770,1,1000,313,44,اخابر,1033,-1.15,1014,-2.97,20260613,20261014,0,0,0,0,0,1,0,1,0,0,0.00,0.00,0,0,OTM,طمخا7091
ضمخا7092,ITM,0,0,0.00,0.00,0,0,1,0,1,0,5,110,0,0,1000,333,44,اخابر,1033,-1.15,1014,-2.97,20260613,20261014,0,0,0,0,0,1,0,1,0,0,0.00,0.00,0,0,OTM,طمخا7092
ضتاص7007,ITM,0,0,0.00,0.00,863,0,9543,0,9500,-0.45,0,0,0,0,1000,14000,30,تاصيكو,22180,0,22180,0,20260610,20260930,0,0,0,0,0,1,0,1,0,0,0.00,0.00,0,0,OTM,طتاص7007
ضتاص9023,OTM,0,0,0.00,0.00,0,0,1,0,1,0,0,0,0,0,1000,26000,86,تاصيكو,22180,0,22180,0,20260801,20261125,0,0,0,0,0,1,0,1,0,0,0.00,0.00,0,0,ITM,طتاص9023
ضسپا6039,ITM,4,2,1062000.00,2780000.00,742,0.27,265,-3.28,280,2.19,10,281,1000,2,1000,380,16,خساپا,696,1.90,695,1.76,20260620,20260916,0,0,1,100,0,1,0,1,0,0,0.00,0.00,0,0,OTM,طسپا6039
ضسپا8085,ITM,2020,7,445000000.00,1405920000.00,6327,33.88,220,-0.45,250,13.12,355,200,400,54,1000,550,79,خساپا,696,1.90,695,1.76,20260822,20261118,0,0,5,255,0,1,0,1,0,0,0.00,0.00,0,0,OTM,طسپا8085
ضستا8050,ITM,0,0,0.00,0.00,767,0,1418,0,1445,1.90,5,1330,1598,110,1000,1700,65,شستا,2956,-2.05,2946,-2.39,20260808,20261104,400,39,1,100,0,1,0,1,0,0,0.00,0.00,0,0,OTM,طستا8050
ضستا8058,OTM,17,2,7123000.00,50269000.00,9449,0,419,-4.99,419,-4.99,1,415,447,20,1000,3000,65,شستا,2956,-2.05,2946,-2.39,20260808,20261104,0,0,15,99,0,799,0,799,0,59,0.00,0.00,0,0,ITM,طستا8058
ضراز1005,ITM,0,0,0.00,0.00,0,0,1,0,1,0,100,1,0,0,1000,24000,121,هم تراز,25121,-1.02,25645,1.05,20260829,20261230,0,0,1,100,0,1,0,1,0,0,0.00,0.00,0,0,OTM,طراز1005
ضهرم7058,ITM,6970,560,123909775000.00,364599306000.00,92197,-0.76,17778,-4.26,17880,-3.72,36,17616,17880,88,1000,42000,51,اهرم,58122,-1.30,57989,-1.53,20260725,20261021,10,879,870,317,-1.81,870,0.79,893,0.95,147554,944482500000.00,15357491000.00,640,17205,OTM,طهرم7058
ضملت6027,OTM,4078176,8540,30021549000.00,6337683955000.00,4994547,48.47,7,0,6,-14.29,175766,6,7,120783,1000,1854,9,وبملت,1555,1.50,1542,0.65,20260613,20260909,500,400,46,1000,0,440,0,440,0,1,0.00,0.00,0,0,ITM,طملت6027
ضخود7126,ITM,3947,33,1528521000.00,2814211000.00,42148,-1.64,387,-1.78,382,-3.05,115,358,388,584,1000,340,30,خودرو,714,-2.19,717,-1.78,20260701,20260930,1000,2,1,13045,-50,1,-50,1,3.73,254211,6702913000.00,22903000.00,42,21502,OTM,طخود7126
ضخود8055,ITM,784,10,267904000.00,546158000.00,57007,-0.35,342,-3.39,349,-1.41,60,330,349,35,1000,400,58,خودرو,714,-2.19,717,-1.78,20260801,20261028,1000,49,1,100,0,10,0,10,0,2,0.00,0.00,0,0,OTM,طخود8055
ضجوا8008,OTM,0,0,0.00,0.00,0,0,1,0,1,0,100,1,0,0,1000,34000,79,جوانه كوچك,29475,-0.99,29367,-1.36,20260818,20261118,0,0,1,100,0,1,0,1,0,0,0.00,0.00,0,0,ITM,طجوا8008
ضمخا7090,ITM,30,2,22200000.00,31170000.00,9698,0,740,-3.27,740,-3.27,100,671,890,185,1000,293,44,اخابر,1033,-1.15,1014,-2.97,20260613,20261014,0,0,0,0,0,1,0,1,0,0,0.00,0.00,0,0,OTM,طمخا7090
ضمخا9014,ITM,0,0,0.00,0.00,269,0,592,0,600,1.35,200,380,0,0,1000,550,100,اخابر,1033,-1.15,1014,-2.97,20260815,20261209,0,0,1,100,0,1,0,1,0,0,0.00,0.00,0,0,OTM,طمخا9014
ضملي9034,ITM,0,0,0.00,0.00,2678,0,12088,0,12100,0.10,31,10011,12199,5,1000,11000,86,فملي,21150,2.97,21150,2.97,20260808,20261125,0,0,1,100,0,1,0,1,0,0,0.00,0.00,0,0,OTM,طملي9034
ضشنا8066,OTM,466,23,308542000.00,6002080000.00,18891,-0.26,662,21.47,666,22.20,3,611,666,22,1000,17260,72,شپنا,12880,2.55,12920,2.87,20260712,20261111,0,0,120,200,0,6000,0,6000,0,3,0.00,0.00,0,0,ITM,طشنا8066
ضتاص7001,ITM,0,0,0.00,0.00,2144,0,14575,0,14600,0.17,0,0,0,0,1000,8000,30,تاصيكو,22180,0,22180,0,20260610,20260930,0,0,0,0,0,1,0,1,0,0,0.00,0.00,0,0,OTM,طتاص7001
ضستا8049,ITM,206,7,305100000.00,607906000.00,6489,-1.28,1481,-2.95,1424,-6.68,25,1425,1689,14,1000,1600,65,شستا,2956,-2.05,2946,-2.39,20260808,20261104,500,19,1,101,0,1,0,1,0,0,0.00,0.00,0,0,OTM,طستا8049
ضراز1000,ITM,0,0,0.00,0.00,36,0,12630,0,12656,0.21,2,10500,0,0,1000,15000,121,هم تراز,25121,-1.02,25645,1.05,20260829,20261230,0,0,1,100,0,1,0,1,0,0,0.00,0.00,0,0,OTM,طراز1000
ضهمن7030,ITM,0,0,0.00,0.00,0,0,1,0,1,0,100,100,0,0,1000,1900,51,خبهمن,2722,-2.82,2717,-3.00,20260818,20261021,0,0,1,100,0,1,0,1,0,0,0.00,0.00,0,0,OTM,طهمن7030
ضخود7130,ITM,12042,88,3303444000.00,8528906000.00,302518,-0.62,274,-5.52,275,-5.17,500,270,282,72,1000,450,30,خودرو,714,-2.19,717,-1.78,20260701,20260930,99,13,0,0,0,4,0,4,0,2013,711000.00,4000.00,1,1,OTM,طخود7130
ضخود8063,OTM,35123,88,2370511000.00,23824182000.00,432687,0.36,67,3.08,71,9.23,1000,70,71,2096,1000,800,58,خودرو,714,-2.19,717,-1.78,20260801,20261028,0,0,27,23,0,1,0,1,0,0,0.00,0.00,0,0,ITM,طخود8063
ضجوا6005,ITM,0,0,0.00,0.00,1523,0,13440,0,13440,0,127,12000,0,0,1000,16000,16,جوانه كوچك,29475,-0.99,29367,-1.36,20260607,20260916,0,0,1,100,0,8,0,8,0,46,0.00,0.00,0,0,OTM,طجوا6005
ضمخا9021,ITM,0,0,0.00,0.00,0,0,1,0,1,0,1108,1,0,0,1000,1000,100,اخابر,1033,-1.15,1014,-2.97,20260815,20261209,0,0,1,100,0,1,0,1,0,0,0.00,0.00,0,0,OTM,طمخا9021
ضتاص9013,ITM,0,0,0.00,0.00,2750,0,12641,0,14000,10.75,0,0,0,0,1000,11000,86,تاصيكو,22180,0,22180,0,20260801,20261125,0,0,0,0,0,1,0,1,0,0,0.00,0.00,0,0,OTM,طتاص9013
ضسپا7033,OTM,13284,83,999487000.00,9245664000.00,103580,1.77,75,20.97,80,29.03,10,71,77,1000,1000,800,51,خساپا,696,1.90,695,1.76,20260718,20261021,0,0,1,100,0,1,0,1,0,0,0.00,0.00,0,0,ITM,طسپا7033
ضسپا8083,ITM,0,0,0.00,0.00,3299,0,358,0,358,0,200,222,498,79,1000,450,79,خساپا,696,1.90,695,1.76,20260822,20261118,0,0,3,333,0,1,0,1,0,0,0.00,0.00,0,0,OTM,طسپا8083
ضسپا8092,OTM,10659,17,513716000.00,7408005000.00,85902,3.25,48,6.67,35,-22.22,400,40,51,500,1000,1000,79,خساپا,696,1.90,695,1.76,20260822,20261118,0,0,1,100,0,1,0,1,0,0,0.00,0.00,0,0,ITM,طسپا8092
ضذوب6015,ITM,9264,49,2089594000.00,4918550000.00,246902,-0.58,226,-1.31,224,-2.18,210,221,230,1000,1000,380,9,ذوب,575,2.86,575,2.86,20260613,20260909,100,2,0,0,0,1,0,1,0,600,0.00,0.00,0,0,OTM,طذوب6015
ضذوب7035,ITM,0,0,0.00,0.00,70,0,330,0,330,0,1000,201,0,0,1000,320,44,ذوب,575,2.86,575,2.86,20260712,20261014,0,0,1,3000,-80,1,0,5,0,1,0.00,0.00,0,0,OTM,طذوب7035
ضذوب8029,ITM,0,0,0.00,0.00,1956,0,161,0,164,1.86,755,93,0,0,1000,550,72,ذوب,575,2.86,575,2.86,20260815,20261111,0,0,6,266,0,1,0,1,0,0,0.00,0.00,0,0,OTM,طذوب8029
ضراز1009,OTM,0,0,0.00,0.00,0,0,1,0,1,0,100,1,0,0,1000,34000,121,هم تراز,25121,-1.02,25645,1.05,20260829,20261230,0,0,1,100,0,1,0,1,0,0,0.00,0.00,0,0,ITM,طراز1009
ضذوب7045,OTM,64755,140,4584326000.00,36946625000.00,310746,3.08,71,14.52,67,8.06,2011,66,67,285,1000,700,44,ذوب,575,2.86,575,2.86,20260712,20261014,0,0,15,99,0,1,0,1,0,0,0.00,0.00,0,0,ITM,طذوب7045
ضهرم6047,ITM,5533,220,46822863000.00,321472782000.00,227353,-2.38,8462,-13.26,8890,-8.88,5,8640,8790,198,1000,50000,16,اهرم,58122,-1.30,57989,-1.53,20260620,20260916,90,389,300,676,-35.66,350,-27.57,394,-2.41,239798,424936880000.00,2880367000.00,113,7312,OTM,طهرم6047
ضهرم6050,OTM,9310,128,5230607000.00,541057698000.00,252471,-3.52,562,-34.95,530,-38.66,100,450,530,99,1000,68000,16,اهرم,58122,-1.30,57989,-1.53,20260620,20260916,10,9600,9200,43,3.52,9500,12.16,10293,-4.77,3013,8773100000.00,1585174000.00,23,154,ITM,طهرم6050
ضهرم7052,ITM,2,2,70999000.00,116074000.00,606,-0.33,35499,0.41,35500,0.41,1,34501,35499,9,1000,24000,51,اهرم,58122,-1.30,57989,-1.53,20260725,20261021,59,285,155,640,156.90,298,258.62,416,0.04,2443,2081808000.00,14993000.00,4,36,OTM,طهرم7052
ضهمن9034,OTM,0,0,0.00,0.00,0,0,1,0,1,0,1000,252,0,0,1000,2800,107,خبهمن,2722,-2.82,2717,-3.00,20260822,20261216,0,0,1,100,0,1,0,1,0,0,0.00,0.00,0,0,ITM,طهمن9034
ضجار6043,ITM,141084,378,58994800000.00,141081908000.00,4359151,0.06,418,-6.28,421,-5.61,2059,420,425,899,1000,591,9,وتجارت,1012,2.95,1012,2.95,20260609,20260909,1000,3,0,0,0,1,0,1,0,53384,0.00,0.00,0,0,OTM,طجار6043
ضجار6044,ITM,30378,167,11413071000.00,29203284000.00,2663333,0.06,376,-5.29,370,-6.80,104,362,380,1250,1000,641,9,وتجارت,1012,2.95,1012,2.95,20260609,20260909,1000,1,0,0,0,1,0,1,0,8699,0.00,0.00,0,0,OTM,طجار6044
ضمخا7103,ITM,8446,48,1228824000.00,6232952000.00,391952,-0.18,145,-18.54,135,-24.16,5,130,135,757,1000,953,44,اخابر,1033,-1.15,1014,-2.97,20260816,20261014,0,0,1,101,0,150,0,150,0,201,0.00,0.00,0,0,OTM,طمخا7103
ضملي7069,ITM,385,26,2427303402.00,9684881100.00,25795,-0.19,4599,8.34,4415,4.00,200,4459,4797,1,1371,17172,30,فملي,21150,2.97,21150,2.97,20260610,20260930,1,200,73,10,0,200,0,200,0,479,57993300.00,548400.00,1,2,OTM,طملي7069
ضسپا6045,ITM,721429,1535,58472861000.00,500295240000.00,3544474,6.09,81,9.46,80,8.11,3352,79,81,145,1000,650,16,خساپا,696,1.90,695,1.76,20260620,20260916,625,18,17,101,12.5,18,6.25,17,13.19,116032,31258056000.00,790588000.00,122,45286,OTM,طسپا6045
ضستا7054,ITM,2000,2,2580000000.00,5914000000.00,6713,42.44,1290,1.10,1280,0.31,80,1192,1299,20,1000,1800,37,شستا,2956,-2.05,2946,-2.39,20260701,20261007,1000,20,4,1000,-20,4,-20,4,-1.59,620,168549000.00,248000.00,2,57,OTM,طستا7054
ضراز8006,ITM,0,0,0.00,0.00,1009,0,7200,0,7200,0,100,700,0,0,1000,18000,58,هم تراز,25121,-1.02,25645,1.05,20260627,20261028,0,0,1,100,0,1,0,1,0,0,0.00,0.00,0,0,OTM,طراز8006
ضذوب7039,ITM,36189,171,8409612000.00,20140525000.00,535443,0.82,232,-3.73,232,-3.73,1000,229,232,176,1000,400,44,ذوب,575,2.86,575,2.86,20260712,20261014,0,0,0,0,0,1,0,1,0,0,0.00,0.00,0,0,OTM,طذوب7039
ضهرم7056,ITM,187,38,4606393000.00,10636509000.00,8221,-1.44,24633,-5.08,25000,-3.66,1,24950,25300,1,1000,34000,51,اهرم,58122,-1.30,57989,-1.53,20260725,20261021,66,297,250,20,39.13,320,26.52,291,-0.35,17180,8646000000.00,50695000.00,19,174,OTM,طهرم7056
ضملت6015,ITM,7511,80,6159339000.00,11679605000.00,116982,-0.86,820,-2.73,845,0.24,1000,836,843,10,1000,704,9,وبملت,1555,1.50,1542,0.65,20260613,20260909,12191,1,0,0,0,1,0,1,0,178043,0.00,0.00,0,0,OTM,طملت6015
ضملي9041,ITM,54,12,261800000.00,1142100000.00,990,1.23,4848,-11.23,5400,-1.12,1,4500,5400,3,1000,20000,86,فملي,21150,2.97,21150,2.97,20260808,20261125,0,0,1,100,0,1,0,1,0,0,0.00,0.00,0,0,OTM,طملي9041
ضشنا6039,ITM,1422,43,10704896000.00,15726480000.00,5511,-8.61,7528,0.49,7500,0.12,143,7500,7596,171,1000,5260,9,شپنا,12880,2.55,12920,2.87,20260610,20260909,0,0,1,100,0,1,0,1,0,0,0.00,0.00,0,0,OTM,طشنا6039
ضشنا8058,ITM,28,4,162787000.00,25700000.00,7286,0,5814,8.41,5820,8.52,5,4900,6700,1,1000,8260,72,شپنا,12880,2.55,12920,2.87,20260712,20261111,2,799,11,111,0,800,0,800,0,10,0.00,0.00,0,0,OTM,طشنا8058
ضسپا7031,OTM,124724,334,12403134000.00,84664224000.00,287748,34.10,99,5.32,96,2.13,940,95,100,1000,1000,700,51,خساپا,696,1.90,695,1.76,20260718,20261021,0,0,15,3080,0,1,0,1,0,0,0.00,0.00,0,0,ITM,طسپا7031
ضذوب7037,ITM,0,0,0.00,0.00,0,0,150,0,150,0,66,150,0,0,1000,360,44,ذوب,575,2.86,575,2.86,20260712,20261014,2000,20,2,2000,0,5,0,5,0,5424,0.00,0.00,0,0,OTM,طذوب7037
ضهرم8034,OTM,4976,168,9725346000.00,289040706000.00,9653,34.84,1954,0.77,1736,-10.47,10,1789,1900,20,1000,80000,79,اهرم,58122,-1.30,57989,-1.53,20260822,20261118,10,22800,21500,6,19.95,22995,18.28,22675,12.35,191,2324600000.00,1065710000.00,11,47,ITM,طهرم8034
ضملت6023,ITM,2655857,6004,370472205000.00,4036509430000.00,6644195,6.53,139,3.73,128,-4.48,8945,127,128,2379,1000,1454,9,وبملت,1555,1.50,1542,0.65,20260613,20260909,16734,30,29,10760,-3.33,29,-3.33,29,10.09,1659306,2508625520000.00,47883763000.00,3820,1652814,OTM,طملت6023
ضملت8076,OTM,2809,46,697500000.00,4367995000.00,7957,42.52,248,0.81,238,-3.25,1,239,250,9000,1000,1600,72,وبملت,1555,1.50,1542,0.65,20260815,20261111,0,0,11,111,0,1,0,1,0,0,0.00,0.00,0,0,ITM,طملت8076
ضصاد7046,ITM,65746,202,11051779000.00,67629265000.00,210241,3.00,168,-4.00,160,-8.57,21,160,163,1000,1000,1000,44,وبصادر,1045,2.85,1046,2.95,20260613,20261014,200,165,25,10,0,1,0,1,0,0,0.00,0.00,0,0,OTM,طصاد7046
ضصاد9038,ITM,0,0,0.00,0.00,0,0,1,0,1,0,5,400,0,0,1000,600,100,وبصادر,1045,2.85,1046,2.95,20260815,20261209,0,0,1,100,0,1,0,1,0,0,0.00,0.00,0,0,OTM,طصاد9038
ضخود9048,ITM,5811,37,2100125000.00,4143243000.00,8751,187.39,361,-3.73,359,-4.27,10,357,369,1000,1000,400,86,خودرو,714,-2.19,717,-1.78,20260829,20261125,0,0,1,100,0,1,0,1,0,0,0.00,0.00,0,0,OTM,طخود9048
ضخود9056,OTM,0,0,0.00,0.00,1,0,180,0,180,0,50,80,170,200,1000,800,86,خودرو,714,-2.19,717,-1.78,20260829,20261125,0,0,1,100,0,1,0,1,0,0,0.00,0.00,0,0,ITM,طخود9056
ضستا8053,ITM,1,1,1100000.00,2957000.00,1530,0,1100,-4.10,1100,-4.10,49,1100,1190,50,1000,2000,65,شستا,2956,-2.05,2946,-2.39,20260808,20261104,200,165,1,400,0,185,0,185,0,1,0.00,0.00,0,0,OTM,طستا8053
ضذوب6009,ITM,0,0,0.00,0.00,6905,0,416,0,450,8.17,110,341,497,1000,1000,260,9,ذوب,575,2.86,575,2.86,20260613,20260909,500,1,0,0,0,1,0,1,0,1110,0.00,0.00,0,0,OTM,طذوب6009
ضملت8068,ITM,5710,36,4713632000.00,8879050000.00,36502,7.81,826,0.24,780,-5.34,1,745,780,496,1000,800,72,وبملت,1555,1.50,1542,0.65,20260815,20261111,1000,79,1,11101,25,10,25,10,199.28,3304,3422555000.00,23010000.00,5,2201,OTM,طملت8068
ضجوا6007,ITM,0,0,0.00,0.00,1888,0,9858,0,9900,0.43,10,1001,0,0,1000,20000,16,جوانه كوچك,29475,-0.99,29367,-1.36,20260607,20260916,0,0,1,1100,0,1,0,1,0,196,0.00,0.00,0,0,OTM,طجوا6007
ضمخا7098,ITM,0,0,0.00,0.00,44318,0,449,0,449,0,151,390,450,5,1000,603,44,اخابر,1033,-1.15,1014,-2.97,20260613,20261014,0,0,1,100,0,1,0,1,0,0,0.00,0.00,0,0,OTM,طمخا7098
ضشنا6047,ITM,116120,976,182189277000.00,1487047520000.00,539894,-1.00,1569,-1.63,1548,-2.95,1,1550,1551,1,1000,11260,9,شپنا,12880,2.55,12920,2.87,20260610,20260909,500,59,48,65,-42.72,59,-27.18,75,21.01,64683,292427520000.00,1751463000.00,168,23307,OTM,طشنا6047
ضتاص9016,ITM,0,0,0.00,0.00,156,0,8700,0,8700,0,0,0,0,0,1000,14000,86,تاصيكو,22180,0,22180,0,20260801,20261125,0,0,0,0,0,1,0,1,0,0,0.00,0.00,0,0,OTM,طتاص9016
ضراز8008,ITM,449,3,2105950000.00,11061115000.00,2513,21.75,4690,-6.05,4760,-4.65,10,4550,5245,300,1000,22000,58,هم تراز,25121,-1.02,25645,1.05,20260627,20261028,0,0,1,100,0,1,0,1,0,0,0.00,0.00,0,0,OTM,طراز8008
ضهرم6044,ITM,3828,160,75142274000.00,221662052000.00,139151,-2.67,19630,-7.55,20000,-5.81,21,20000,20490,100,1000,38000,16,اهرم,58122,-1.30,57989,-1.53,20260620,20260916,5,70,55,2,-53.27,50,-33.64,71,-2.40,201644,287650727000.00,350882000.00,124,4949,OTM,طهرم6044
ضهمن9038,OTM,0,0,0.00,0.00,0,0,1,0,1,0,99,29,0,0,1000,3750,107,خبهمن,2722,-2.82,2717,-3.00,20260822,20261216,0,0,1,100,0,1,0,1,0,0,0.00,0.00,0,0,ITM,طهمن9038
ضملت6016,ITM,1530,20,1195802000.00,2316950000.00,104224,-0.94,782,-1.88,800,0.38,1006,782,800,200,1000,754,9,وبملت,1555,1.50,1542,0.65,20260613,20260909,300,1,0,0,0,2,0,2,0,22865,0.00,0.00,0,0,OTM,طملت6016
ضملت6025,OTM,2158447,4995,104690931000.00,3315561670000.00,4069328,45.66,49,11.36,39,-11.36,11596,39,40,7510,1000,1654,9,وبملت,1555,1.50,1542,0.65,20260613,20260909,310,128,125,125,14.41,127,13.51,126,161.66,12018,22758980000.00,1967344000.00,66,15636,ITM,طملت6025
ضملت8071,ITM,1578,23,787041000.00,2455368000.00,32685,-0.91,499,-9.93,510,-7.94,100,511,573,40,1000,1100,72,وبملت,1555,1.50,1542,0.65,20260815,20261111,0,0,4,244,0,1,0,1,0,0,0.00,0.00,0,0,OTM,طملت8071
ضملت8077,OTM,3636,43,635991000.00,5653980000.00,18212,-0.27,175,4.79,189,13.17,1000,170,189,1640,1000,1700,72,وبملت,1555,1.50,1542,0.65,20260815,20261111,0,0,11,111,0,1,0,1,0,0,0.00,0.00,0,0,ITM,طملت8077
ضجار6041,ITM,12445,31,6355338000.00,11510488000.00,365261,-0.75,511,-6.24,519,-4.77,1000,510,519,8798,1000,491,9,وتجارت,1012,2.95,1012,2.95,20260609,20260909,22000,2,0,0,0,1,0,1,0,143228,0.00,0.00,0,0,OTM,طجار6041
ضمخا7102,ITM,4178,20,1026790000.00,4320052000.00,347298,-0.61,246,0.41,205,-16.33,100,207,230,1000,1000,853,44,اخابر,1033,-1.15,1014,-2.97,20260613,20261014,20,250,1,100,-11.29,55,0,62,0,1479,0.00,0.00,0,0,OTM,طمخا7102
ضشنا8059,ITM,3,1,13680000.00,38430000.00,14488,0.02,4560,0,4560,0,3,4501,4650,120,1000,9260,72,شپنا,12880,2.55,12920,2.87,20260712,20261111,0,0,26,25,0,15,0,15,0,10,0.00,0.00,0,0,OTM,طشنا8059
ضستا8055,ITM,357,3,299844000.00,1055649000.00,1184,0.42,840,-1.06,750,-11.66,300,714,849,44,1000,2400,65,شستا,2956,-2.05,2946,-2.39,20260808,20261104,200,289,5,255,0,1,0,1,0,0,0.00,0.00,0,0,OTM,طستا8055
ضراز1002,ITM,0,0,0.00,0.00,0,0,1,0,1,0,100,1,0,0,1000,18000,121,هم تراز,25121,-1.02,25645,1.05,20260829,20261230,0,0,1,100,0,1,0,1,0,0,0.00,0.00,0,0,OTM,طراز1002
ضذوب6014,ITM,1641,13,415135000.00,943000000.00,163630,-0.69,253,2.02,225,-9.27,110,226,255,80,1000,360,9,ذوب,575,2.86,575,2.86,20260613,20260909,100,1,0,0,0,1,0,1,0,100,0.00,0.00,0,0,OTM,طذوب6014
ضذوب6020,OTM,1307181,2962,57097543000.00,744235725000.00,4881673,4.76,44,0,39,-11.36,3377,38,39,1048,1000,600,9,ذوب,575,2.86,575,2.86,20260613,20260909,4,20,18,2000,-25.93,20,-25.93,20,115.66,56433,21407825000.00,745780000.00,119,37801,ITM,طذوب6020
ضذوب7038,ITM,364,5,99633000.00,178250000.00,52735,0,274,9.16,276,9.96,107,247,276,495,1000,380,44,ذوب,575,2.86,575,2.86,20260712,20261014,0,0,0,0,0,1,0,1,0,0,0.00,0.00,0,0,OTM,طذوب7038
ضذوب8026,ITM,2114,24,564342000.00,1215550000.00,97808,0.58,267,3.09,269,3.86,7000,237,268,200,1000,400,72,ذوب,575,2.86,575,2.86,20260815,20261111,0,0,2,25,0,1,0,1,0,0,0.00,0.00,0,0,OTM,طذوب8026
